file,dataset,shape,dtype,min,max,mean,std,nan_count,nan_ratio(%),zero_count,zero_ratio(%),special_-99999_count,special_ratio(%),total_elements
sample_5.h5,landcover_1m,"(1280, 1280, 1, 1)",uint8,0.0,9.0,2.184706,0.850637,0,0.0,166,0.01,0,0.0,1638400
sample_5.h5,landcover_30m,"(1280, 1280, 1, 1)",uint8,1.0,2.0,1.946826,0.224381,0,0.0,0,0.0,0,0.0,1638400
sample_5.h5,latlon,"(2,)",float32,29.189461,118.058167,73.623814,44.434353,0,0.0,0,0.0,0,0.0,2
sample_5.h5,lt1,"(1280, 1280, 15, 1)",uint8,1.0,255.0,53.791124,46.706288,0,0.0,0,0.0,0,0.0,24576000
sample_5.h5,missing_timesteps_masks/lt1,"(15,)",bool,1.0,1.0,1.0,0.0,0,0.0,0,0.0,0,0.0,15
sample_5.h5,missing_timesteps_masks/rgb,"(15,)",bool,0.0,1.0,0.866667,0.339935,0,0.0,2,13.33,0,0.0,15
sample_5.h5,missing_timesteps_masks/sar,"(15,)",bool,0.0,1.0,0.733333,0.442217,0,0.0,4,26.67,0,0.0,15
sample_5.h5,rgb,"(1280, 1280, 13, 4)",uint8,6.0,255.0,64.393155,45.10316,0,0.0,0,0.0,0,0.0,85196800
sample_5.h5,sar,"(1280, 1280, 11, 1)",uint8,1.0,255.0,57.40568,48.705984,0,0.0,0,0.0,0,0.0,18022400
sample_5.h5,srtm,"(1280, 1280, 1, 1)",int16,139.0,322.0,209.268559,35.182146,0,0.0,0,0.0,0,0.0,1638400
sample_5.h5,timestamps,"(15, 3)",int32,0.0,2026.0,676.933333,953.37192,0,0.0,2,4.44,0,0.0,45
sample_5.h5,worldcereal,"(1280, 1280, 1, 8)",uint8,0.0,100.0,0.123291,3.509117,0,0.0,13091040,99.88,0,0.0,13107200
sample_5.h5,worldcover,"(1280, 1280, 1, 1)",int8,10.0,60.0,10.905499,5.120647,0,0.0,0,0.0,0,0.0,1638400
sample_10.h5,landcover_1m,"(1280, 1280, 1, 1)",uint8,0.0,9.0,2.426293,1.336124,0,0.0,398,0.02,0,0.0,1638400
sample_10.h5,landcover_30m,"(1280, 1280, 1, 1)",uint8,1.0,8.0,1.997816,0.793612,0,0.0,0,0.0,0,0.0,1638400
sample_10.h5,latlon,"(2,)",float32,29.096844,118.083527,73.590185,44.493341,0,0.0,0,0.0,0,0.0,2
sample_10.h5,lt1,"(1280, 1280, 15, 1)",uint8,1.0,255.0,56.323494,49.08854,0,0.0,0,0.0,0,0.0,24576000
sample_10.h5,missing_timesteps_masks/lt1,"(15,)",bool,1.0,1.0,1.0,0.0,0,0.0,0,0.0,0,0.0,15
sample_10.h5,missing_timesteps_masks/rgb,"(15,)",bool,0.0,1.0,0.866667,0.339935,0,0.0,2,13.33,0,0.0,15
sample_10.h5,missing_timesteps_masks/sar,"(15,)",bool,0.0,1.0,0.733333,0.442217,0,0.0,4,26.67,0,0.0,15
sample_10.h5,rgb,"(1280, 1280, 13, 4)",uint8,0.0,255.0,74.973383,57.869691,0,0.0,273784,0.32,0,0.0,85196800
sample_10.h5,sar,"(1280, 1280, 11, 1)",uint8,1.0,255.0,62.418214,53.639,0,0.0,0,0.0,0,0.0,18022400
sample_10.h5,srtm,"(1280, 1280, 1, 1)",int16,105.0,447.0,226.524966,78.114977,0,0.0,0,0.0,0,0.0,1638400
sample_10.h5,timestamps,"(15, 3)",int32,0.0,2026.0,676.933333,953.37192,0,0.0,2,4.44,0,0.0,45
sample_10.h5,worldcereal,"(1280, 1280, 1, 8)",uint8,0.0,100.0,0.498413,7.042222,0,0.0,13041872,99.5,0,0.0,13107200
sample_10.h5,worldcover,"(1280, 1280, 1, 1)",int8,10.0,80.0,13.138232,9.723591,0,0.0,0,0.0,0,0.0,1638400
sample_9.h5,landcover_1m,"(1280, 1280, 1, 1)",uint8,0.0,9.0,2.075359,0.617417,0,0.0,220,0.01,0,0.0,1638400
sample_9.h5,landcover_30m,"(1280, 1280, 1, 1)",uint8,0.0,8.0,1.972313,0.242365,0,0.0,16617,1.01,0,0.0,1638400
sample_9.h5,latlon,"(2,)",float32,29.073742,118.083282,73.578512,44.50477,0,0.0,0,0.0,0,0.0,2
sample_9.h5,lt1,"(1280, 1280, 15, 1)",uint8,1.0,255.0,59.500084,50.534773,0,0.0,0,0.0,0,0.0,24576000
sample_9.h5,missing_timesteps_masks/lt1,"(15,)",bool,1.0,1.0,1.0,0.0,0,0.0,0,0.0,0,0.0,15
sample_9.h5,missing_timesteps_masks/rgb,"(15,)",bool,0.0,1.0,0.866667,0.339935,0,0.0,2,13.33,0,0.0,15
sample_9.h5,missing_timesteps_masks/sar,"(15,)",bool,0.0,1.0,0.666667,0.471405,0,0.0,5,33.33,0,0.0,15
sample_9.h5,rgb,"(1280, 1280, 13, 4)",uint8,0.0,255.0,78.484763,68.490633,0,0.0,379408,0.45,0,0.0,85196800
sample_9.h5,sar,"(1280, 1280, 10, 1)",uint8,0.0,255.0,60.318285,54.043907,0,0.0,265960,1.62,0,0.0,16384000
sample_9.h5,srtm,"(1280, 1280, 1, 1)",int16,129.0,547.0,313.617413,87.547034,0,0.0,0,0.0,0,0.0,1638400
sample_9.h5,timestamps,"(15, 3)",int32,0.0,2026.0,676.933333,953.37192,0,0.0,2,4.44,0,0.0,45
sample_9.h5,worldcereal,"(1280, 1280, 1, 8)",uint8,0.0,100.0,0.068436,2.615126,0,0.0,13098230,99.93,0,0.0,13107200
sample_9.h5,worldcover,"(1280, 1280, 1, 1)",int8,0.0,60.0,10.380243,4.243116,0,0.0,16524,1.01,0,0.0,1638400
sample_26.h5,landcover_1m,"(1280, 1280, 1, 1)",uint8,0.0,9.0,2.259816,1.056695,0,0.0,363,0.02,0,0.0,1638400
sample_26.h5,landcover_30m,"(1280, 1280, 1, 1)",uint8,1.0,8.0,2.039808,0.696652,0,0.0,0,0.0,0,0.0,1638400
sample_26.h5,latlon,"(2,)",float32,29.165934,118.110573,73.638253,44.47232,0,0.0,0,0.0,0,0.0,2
sample_26.h5,lt1,"(1280, 1280, 15, 1)",uint8,1.0,255.0,55.424642,47.395142,0,0.0,0,0.0,0,0.0,24576000
sample_26.h5,missing_timesteps_masks/lt1,"(15,)",bool,1.0,1.0,1.0,0.0,0,0.0,0,0.0,0,0.0,15
sample_26.h5,missing_timesteps_masks/rgb,"(15,)",bool,0.0,1.0,0.733333,0.442217,0,0.0,4,26.67,0,0.0,15
sample_26.h5,missing_timesteps_masks/sar,"(15,)",bool,0.0,1.0,0.733333,0.442217,0,0.0,4,26.67,0,0.0,15
sample_26.h5,rgb,"(1280, 1280, 11, 4)",uint8,3.0,255.0,68.036054,52.662055,0,0.0,0,0.0,0,0.0,72089600
sample_26.h5,sar,"(1280, 1280, 11, 1)",uint8,1.0,255.0,59.850028,50.589612,0,0.0,0,0.0,0,0.0,18022400
sample_26.h5,srtm,"(1280, 1280, 1, 1)",int16,144.0,410.0,261.069869,54.908721,0,0.0,0,0.0,0,0.0,1638400
sample_26.h5,timestamps,"(15, 3)",int32,0.0,2026.0,676.933333,953.37192,0,0.0,2,4.44,0,0.0,45
sample_26.h5,worldcereal,"(1280, 1280, 1, 8)",uint8,0.0,100.0,0.138916,3.724554,0,0.0,13088992,99.86,0,0.0,13107200
sample_26.h5,worldcover,"(1280, 1280, 1, 1)",int8,10.0,60.0,11.238263,6.553535,0,0.0,0,0.0,0,0.0,1638400
sample_30.h5,landcover_1m,"(1280, 1280, 1, 1)",uint8,0.0,9.0,2.02385,0.348949,0,0.0,13,0.0,0,0.0,1638400
sample_30.h5,landcover_30m,"(1280, 1280, 1, 1)",uint8,1.0,2.0,1.999807,0.013886,0,0.0,0,0.0,0,0.0,1638400
sample_30.h5,latlon,"(2,)",float32,29.258339,118.111572,73.684956,44.426617,0,0.0,0,0.0,0,0.0,2
sample_30.h5,lt1,"(1280, 1280, 14, 1)",uint8,1.0,255.0,70.470785,51.162823,0,0.0,0,0.0,0,0.0,22937600
sample_30.h5,missing_timesteps_masks/lt1,"(15,)",bool,0.0,1.0,0.933333,0.249444,0,0.0,1,6.67,0,0.0,15
sample_30.h5,missing_timesteps_masks/rgb,"(15,)",bool,0.0,1.0,0.866667,0.339935,0,0.0,2,13.33,0,0.0,15
sample_30.h5,missing_timesteps_masks/sar,"(15,)",bool,0.0,1.0,0.666667,0.471405,0,0.0,5,33.33,0,0.0,15
sample_30.h5,rgb,"(1280, 1280, 13, 4)",uint8,0.0,255.0,67.560631,60.116078,0,0.0,228992,0.27,0,0.0,85196800
sample_30.h5,sar,"(1280, 1280, 10, 1)",uint8,0.0,255.0,76.468155,56.354081,0,0.0,4,0.0,0,0.0,16384000
sample_30.h5,srtm,"(1280, 1280, 1, 1)",int16,386.0,1215.0,669.776608,171.165796,0,0.0,0,0.0,0,0.0,1638400
sample_30.h5,timestamps,"(15, 3)",int32,0.0,2026.0,676.933333,953.37192,0,0.0,2,4.44,0,0.0,45
sample_30.h5,worldcereal,"(1280, 1280, 1, 8)",uint8,0.0,100.0,0.000977,0.312498,0,0.0,13107072,100.0,0,0.0,13107200
sample_30.h5,worldcover,"(1280, 1280, 1, 1)",int8,10.0,40.0,10.002344,0.224792,0,0.0,0,0.0,0,0.0,1638400
sample_43.h5,landcover_1m,"(1280, 1280, 1, 1)",uint8,1.0,9.0,2.004118,0.164102,0,0.0,0,0.0,0,0.0,1638400
sample_43.h5,landcover_30m,"(1280, 1280, 1, 1)",uint8,2.0,2.0,2.0,0.0,0,0.0,0,0.0,0,0.0,1638400
sample_43.h5,latlon,"(2,)",float32,29.258118,118.137917,73.698017,44.439899,0,0.0,0,0.0,0,0.0,2
sample_43.h5,lt1,"(1280, 1280, 14, 1)",uint8,1.0,255.0,64.450068,52.196542,0,0.0,0,0.0,0,0.0,22937600
sample_43.h5,missing_timesteps_masks/lt1,"(15,)",bool,0.0,1.0,0.933333,0.249444,0,0.0,1,6.67,0,0.0,15
sample_43.h5,missing_timesteps_masks/rgb,"(15,)",bool,0.0,1.0,0.733333,0.442217,0,0.0,4,26.67,0,0.0,15
sample_43.h5,missing_timesteps_masks/sar,"(15,)",bool,0.0,1.0,0.6,0.489898,0,0.0,6,40.0,0,0.0,15
sample_43.h5,rgb,"(1280, 1280, 11, 4)",uint8,3.0,255.0,70.039449,64.236342,0,0.0,0,0.0,0,0.0,72089600
sample_43.h5,sar,"(1280, 1280, 9, 1)",uint8,0.0,255.0,64.792927,56.171758,0,0.0,128107,0.87,0,0.0,14745600
sample_43.h5,srtm,"(1280, 1280, 1, 1)",int16,425.0,1232.0,812.375364,153.259316,0,0.0,0,0.0,0,0.0,1638400
sample_43.h5,timestamps,"(15, 3)",int32,0.0,2026.0,676.933333,953.37192,0,0.0,2,4.44,0,0.0,45
sample_43.h5,worldcereal,"(1280, 1280, 1, 8)",uint8,0.0,0.0,0.0,0.0,0,0.0,13107200,100.0,0,0.0,13107200
sample_43.h5,worldcover,"(1280, 1280, 1, 1)",int8,10.0,50.0,10.019147,0.741117,0,0.0,0,0.0,0,0.0,1638400
sample_17.h5,landcover_1m,"(1280, 1280, 1, 1)",uint8,0.0,9.0,2.121303,0.821071,0,0.0,5239,0.32,0,0.0,1638400
sample_17.h5,landcover_30m,"(1280, 1280, 1, 1)",uint8,0.0,8.0,1.959208,0.390558,0,0.0,35529,2.17,0,0.0,1638400
sample_17.h5,latlon,"(2,)",float32,29.258556,118.085228,73.671892,44.413336,0,0.0,0,0.0,0,0.0,2
sample_17.h5,lt1,"(1280, 1280, 14, 1)",uint8,1.0,255.0,55.736663,47.165346,0,0.0,0,0.0,0,0.0,22937600
sample_17.h5,missing_timesteps_masks/lt1,"(15,)",bool,0.0,1.0,0.933333,0.249444,0,0.0,1,6.67,0,0.0,15
sample_17.h5,missing_timesteps_masks/rgb,"(15,)",bool,0.0,1.0,0.866667,0.339935,0,0.0,2,13.33,0,0.0,15
sample_17.h5,missing_timesteps_masks/sar,"(15,)",bool,0.0,1.0,0.6,0.489898,0,0.0,6,40.0,0,0.0,15
sample_17.h5,rgb,"(1280, 1280, 13, 4)",uint8,0.0,255.0,71.588524,60.747198,0,0.0,767896,0.9,0,0.0,85196800
sample_17.h5,sar,"(1280, 1280, 9, 1)",uint8,1.0,255.0,56.697713,48.776351,0,0.0,0,0.0,0,0.0,14745600
sample_17.h5,srtm,"(1280, 1280, 1, 1)",int16,302.0,791.0,505.744168,114.625164,0,0.0,0,0.0,0,0.0,1638400
sample_17.h5,timestamps,"(15, 3)",int32,0.0,2026.0,676.933333,953.37192,0,0.0,2,4.44,0,0.0,45
sample_17.h5,worldcereal,"(1280, 1280, 1, 8)",uint8,0.0,100.0,0.051819,2.275785,0,0.0,13100408,99.95,0,0.0,13107200
sample_17.h5,worldcover,"(1280, 1280, 1, 1)",int8,0.0,60.0,10.048315,3.306061,0,0.0,35752,2.18,0,0.0,1638400
sample_2.h5,landcover_1m,"(1280, 1280, 1, 1)",uint8,0.0,7.0,2.036739,0.464897,0,0.0,7988,0.49,0,0.0,1638400
sample_2.h5,landcover_30m,"(1280, 1280, 1, 1)",uint8,0.0,2.0,1.922712,0.364291,0,0.0,50294,3.07,0,0.0,1638400
sample_2.h5,latlon,"(2,)",float32,29.120155,118.057457,73.588806,44.468651,0,0.0,0,0.0,0,0.0,2
sample_2.h5,lt1,"(1280, 1280, 15, 1)",uint8,1.0,255.0,60.108042,49.848235,0,0.0,0,0.0,0,0.0,24576000
sample_2.h5,missing_timesteps_masks/lt1,"(15,)",bool,1.0,1.0,1.0,0.0,0,0.0,0,0.0,0,0.0,15
sample_2.h5,missing_timesteps_masks/rgb,"(15,)",bool,0.0,1.0,0.866667,0.339935,0,0.0,2,13.33,0,0.0,15
sample_2.h5,missing_timesteps_masks/sar,"(15,)",bool,0.0,1.0,0.733333,0.442217,0,0.0,4,26.67,0,0.0,15
sample_2.h5,rgb,"(1280, 1280, 13, 4)",uint8,0.0,255.0,66.850687,52.145132,0,0.0,500580,0.59,0,0.0,85196800
sample_2.h5,sar,"(1280, 1280, 11, 1)",uint8,0.0,255.0,63.964676,52.951472,0,0.0,28134,0.16,0,0.0,18022400
sample_2.h5,srtm,"(1280, 1280, 1, 1)",int16,160.0,534.0,342.969451,80.972597,0,0.0,0,0.0,0,0.0,1638400
sample_2.h5,timestamps,"(15, 3)",int32,0.0,2026.0,676.933333,953.37192,0,0.0,2,4.44,0,0.0,45
sample_2.h5,worldcereal,"(1280, 1280, 1, 8)",uint8,0.0,100.0,0.168457,4.100893,0,0.0,13085120,99.83,0,0.0,13107200
sample_2.h5,worldcover,"(1280, 1280, 1, 1)",int8,0.0,50.0,10.294476,4.409104,0,0.0,53002,3.23,0,0.0,1638400
sample_37.h5,landcover_1m,"(1280, 1280, 1, 1)",uint8,0.0,9.0,2.206954,0.955198,0,0.0,183,0.01,0,0.0,1638400
sample_37.h5,landcover_30m,"(1280, 1280, 1, 1)",uint8,1.0,8.0,1.929821,0.313646,0,0.0,0,0.0,0,0.0,1638400
sample_37.h5,latlon,"(2,)",float32,29.119511,118.136383,73.627947,44.508436,0,0.0,0,0.0,0,0.0,2
sample_37.h5,lt1,"(1280, 1280, 15, 1)",uint8,1.0,255.0,59.706274,48.742045,0,0.0,0,0.0,0,0.0,24576000
sample_37.h5,missing_timesteps_masks/lt1,"(15,)",bool,1.0,1.0,1.0,0.0,0,0.0,0,0.0,0,0.0,15
sample_37.h5,missing_timesteps_masks/rgb,"(15,)",bool,0.0,1.0,0.733333,0.442217,0,0.0,4,26.67,0,0.0,15
sample_37.h5,missing_timesteps_masks/sar,"(15,)",bool,0.0,1.0,0.8,0.4,0,0.0,3,20.0,0,0.0,15
sample_37.h5,rgb,"(1280, 1280, 11, 4)",uint8,5.0,255.0,69.328633,58.15123,0,0.0,0,0.0,0,0.0,72089600
sample_37.h5,sar,"(1280, 1280, 12, 1)",uint8,0.0,255.0,61.445471,50.640139,0,0.0,2,0.0,0,0.0,19660800
sample_37.h5,srtm,"(1280, 1280, 1, 1)",int16,177.0,620.0,408.187914,85.197985,0,0.0,0,0.0,0,0.0,1638400
sample_37.h5,timestamps,"(15, 3)",int32,0.0,2026.0,676.933333,953.37192,0,0.0,2,4.44,0,0.0,45
sample_37.h5,worldcereal,"(1280, 1280, 1, 8)",uint8,0.0,100.0,0.619164,7.844297,0,0.0,13026045,99.38,0,0.0,13107200
sample_37.h5,worldcover,"(1280, 1280, 1, 1)",int8,10.0,80.0,11.444995,6.637858,0,0.0,0,0.0,0,0.0,1638400
sample_21.h5,landcover_1m,"(1280, 1280, 1, 1)",uint8,0.0,9.0,3.091486,1.951709,0,0.0,614,0.04,0,0.0,1638400
sample_21.h5,landcover_30m,"(1280, 1280, 1, 1)",uint8,1.0,8.0,1.807353,0.977879,0,0.0,0,0.0,0,0.0,1638400
sample_21.h5,latlon,"(2,)",float32,29.050425,118.109329,73.579877,44.529452,0,0.0,0,0.0,0,0.0,2
sample_21.h5,lt1,"(1280, 1280, 15, 1)",uint8,1.0,255.0,54.324772,45.32161,0,0.0,0,0.0,0,0.0,24576000
sample_21.h5,missing_timesteps_masks/lt1,"(15,)",bool,1.0,1.0,1.0,0.0,0,0.0,0,0.0,0,0.0,15
sample_21.h5,missing_timesteps_masks/rgb,"(15,)",bool,0.0,1.0,0.866667,0.339935,0,0.0,2,13.33,0,0.0,15
sample_21.h5,missing_timesteps_masks/sar,"(15,)",bool,0.0,1.0,0.666667,0.471405,0,0.0,5,33.33,0,0.0,15
sample_21.h5,rgb,"(1280, 1280, 13, 4)",uint8,1.0,255.0,81.863254,63.938223,0,0.0,0,0.0,0,0.0,85196800
sample_21.h5,sar,"(1280, 1280, 10, 1)",uint8,1.0,255.0,59.347414,45.032837,0,0.0,0,0.0,0,0.0,16384000
sample_21.h5,srtm,"(1280, 1280, 1, 1)",int16,201.0,519.0,301.517396,79.984216,0,0.0,0,0.0,0,0.0,1638400
sample_21.h5,timestamps,"(15, 3)",int32,0.0,2026.0,676.933333,953.37192,0,0.0,2,4.44,0,0.0,45
sample_21.h5,worldcereal,"(1280, 1280, 1, 8)",uint8,0.0,100.0,2.9534,16.929778,0,0.0,12720092,97.05,0,0.0,13107200
sample_21.h5,worldcover,"(1280, 1280, 1, 1)",int8,10.0,80.0,19.134113,14.934135,0,0.0,0,0.0,0,0.0,1638400
sample_44.h5,landcover_1m,"(1280, 1280, 1, 1)",uint8,0.0,9.0,1.823203,0.796163,0,0.0,174801,10.67,0,0.0,1638400
sample_44.h5,landcover_30m,"(1280, 1280, 1, 1)",uint8,0.0,2.0,1.62278,0.78231,0,0.0,308907,18.85,0,0.0,1638400
sample_44.h5,latlon,"(2,)",float32,29.281218,118.138168,73.709693,44.428475,0,0.0,0,0.0,0,0.0,2
sample_44.h5,lt1,"(1280, 1280, 14, 1)",uint8,1.0,255.0,61.672441,52.73458,0,0.0,0,0.0,0,0.0,22937600
sample_44.h5,missing_timesteps_masks/lt1,"(15,)",bool,0.0,1.0,0.933333,0.249444,0,0.0,1,6.67,0,0.0,15
sample_44.h5,missing_timesteps_masks/rgb,"(15,)",bool,0.0,1.0,0.733333,0.442217,0,0.0,4,26.67,0,0.0,15
sample_44.h5,missing_timesteps_masks/sar,"(15,)",bool,0.0,1.0,0.733333,0.442217,0,0.0,4,26.67,0,0.0,15
sample_44.h5,rgb,"(1280, 1280, 11, 4)",uint8,3.0,255.0,72.359788,68.001028,0,0.0,0,0.0,0,0.0,72089600
sample_44.h5,sar,"(1280, 1280, 11, 1)",uint8,0.0,255.0,60.933965,54.3854,0,0.0,212442,1.18,0,0.0,18022400
sample_44.h5,srtm,"(1280, 1280, 1, 1)",int16,428.0,1223.0,844.893824,167.512371,0,0.0,0,0.0,0,0.0,1638400
sample_44.h5,timestamps,"(15, 3)",int32,0.0,2026.0,676.933333,953.37192,0,0.0,2,4.44,0,0.0,45
sample_44.h5,worldcereal,"(1280, 1280, 1, 8)",uint8,0.0,0.0,0.0,0.0,0,0.0,13107200,100.0,0,0.0,13107200
sample_44.h5,worldcover,"(1280, 1280, 1, 1)",int8,0.0,30.0,8.154266,3.900129,0,0.0,303281,18.51,0,0.0,1638400
sample_48.h5,landcover_1m,"(1280, 1280, 1, 1)",uint8,0.0,9.0,2.403739,1.318231,0,0.0,157,0.01,0,0.0,1638400
sample_48.h5,landcover_30m,"(1280, 1280, 1, 1)",uint8,1.0,8.0,1.923562,0.674683,0,0.0,0,0.0,0,0.0,1638400
sample_48.h5,latlon,"(2,)",float32,29.073082,118.16217,73.617626,44.544544,0,0.0,0,0.0,0,0.0,2
sample_48.h5,lt1,"(1280, 1280, 15, 1)",uint8,1.0,255.0,59.534583,49.866184,0,0.0,0,0.0,0,0.0,24576000
sample_48.h5,missing_timesteps_masks/lt1,"(15,)",bool,1.0,1.0,1.0,0.0,0,0.0,0,0.0,0,0.0,15
sample_48.h5,missing_timesteps_masks/rgb,"(15,)",bool,0.0,1.0,0.866667,0.339935,0,0.0,2,13.33,0,0.0,15
sample_48.h5,missing_timesteps_masks/sar,"(15,)",bool,0.0,1.0,0.533333,0.498888,0,0.0,7,46.67,0,0.0,15
sample_48.h5,rgb,"(1280, 1280, 13, 4)",uint8,5.0,255.0,85.29732,71.880635,0,0.0,0,0.0,0,0.0,85196800
sample_48.h5,sar,"(1280, 1280, 8, 1)",uint8,0.0,255.0,65.803668,52.817635,0,0.0,12,0.0,0,0.0,13107200
sample_48.h5,srtm,"(1280, 1280, 1, 1)",int16,167.0,569.0,317.987168,93.668403,0,0.0,0,0.0,0,0.0,1638400
sample_48.h5,timestamps,"(15, 3)",int32,0.0,2026.0,676.933333,953.37192,0,0.0,2,4.44,0,0.0,45
sample_48.h5,worldcereal,"(1280, 1280, 1, 8)",uint8,0.0,100.0,0.706635,8.376403,0,0.0,13014580,99.29,0,0.0,13107200
sample_48.h5,worldcover,"(1280, 1280, 1, 1)",int8,10.0,80.0,13.584283,10.384433,0,0.0,0,0.0,0,0.0,1638400
sample_0.h5,landcover_1m,"(1280, 1280, 1, 1)",uint8,0.0,9.0,1.34065,1.151898,0,0.0,599489,36.59,0,0.0,1638400
sample_0.h5,landcover_30m,"(1280, 1280, 1, 1)",uint8,0.0,2.0,1.08731,0.985541,0,0.0,730402,44.58,0,0.0,1638400
sample_0.h5,latlon,"(2,)",float32,29.189667,118.031837,73.610752,44.421085,0,0.0,0,0.0,0,0.0,2
sample_0.h5,lt1,"(1280, 1280, 15, 1)",uint8,1.0,255.0,54.733331,46.828978,0,0.0,0,0.0,0,0.0,24576000
sample_0.h5,missing_timesteps_masks/lt1,"(15,)",bool,1.0,1.0,1.0,0.0,0,0.0,0,0.0,0,0.0,15
sample_0.h5,missing_timesteps_masks/rgb,"(15,)",bool,0.0,1.0,0.666667,0.471405,0,0.0,5,33.33,0,0.0,15
sample_0.h5,missing_timesteps_masks/sar,"(15,)",bool,0.0,1.0,0.666667,0.471405,0,0.0,5,33.33,0,0.0,15
sample_0.h5,rgb,"(1280, 1280, 10, 4)",uint8,3.0,255.0,72.540069,63.650066,0,0.0,0,0.0,0,0.0,65536000
sample_0.h5,sar,"(1280, 1280, 10, 1)",uint8,1.0,255.0,60.518388,50.524638,0,0.0,0,0.0,0,0.0,16384000
sample_0.h5,srtm,"(1280, 1280, 1, 1)",int16,88.0,331.0,190.315333,47.748882,0,0.0,0,0.0,0,0.0,1638400
sample_0.h5,timestamps,"(15, 3)",int32,0.0,2026.0,676.933333,953.37192,0,0.0,2,4.44,0,0.0,45
sample_0.h5,worldcereal,"(1280, 1280, 1, 8)",uint8,0.0,100.0,0.189102,4.344474,0,0.0,13082414,99.81,0,0.0,13107200
sample_0.h5,worldcover,"(1280, 1280, 1, 1)",int8,0.0,50.0,6.13244,6.702983,0,0.0,723071,44.13,0,0.0,1638400
sample_15.h5,landcover_1m,"(1280, 1280, 1, 1)",uint8,0.0,9.0,2.089238,0.600623,0,0.0,74,0.0,0,0.0,1638400
sample_15.h5,landcover_30m,"(1280, 1280, 1, 1)",uint8,1.0,8.0,1.98528,0.20825,0,0.0,0,0.0,0,0.0,1638400
sample_15.h5,latlon,"(2,)",float32,29.212353,118.08474,73.648546,44.436193,0,0.0,0,0.0,0,0.0,2
sample_15.h5,lt1,"(1280, 1280, 15, 1)",uint8,1.0,255.0,60.088671,49.53599,0,0.0,0,0.0,0,0.0,24576000
sample_15.h5,missing_timesteps_masks/lt1,"(15,)",bool,1.0,1.0,1.0,0.0,0,0.0,0,0.0,0,0.0,15
sample_15.h5,missing_timesteps_masks/rgb,"(15,)",bool,0.0,1.0,0.866667,0.339935,0,0.0,2,13.33,0,0.0,15
sample_15.h5,missing_timesteps_masks/sar,"(15,)",bool,0.0,1.0,0.733333,0.442217,0,0.0,4,26.67,0,0.0,15
sample_15.h5,rgb,"(1280, 1280, 13, 4)",uint8,3.0,255.0,68.453503,53.410066,0,0.0,0,0.0,0,0.0,85196800
sample_15.h5,sar,"(1280, 1280, 11, 1)",uint8,1.0,255.0,59.091454,48.53777,0,0.0,0,0.0,0,0.0,18022400
sample_15.h5,srtm,"(1280, 1280, 1, 1)",int16,190.0,664.0,380.02303,105.958413,0,0.0,0,0.0,0,0.0,1638400
sample_15.h5,timestamps,"(15, 3)",int32,0.0,2026.0,676.933333,953.37192,0,0.0,2,4.44,0,0.0,45
sample_15.h5,worldcereal,"(1280, 1280, 1, 8)",uint8,0.0,100.0,0.145241,3.808278,0,0.0,13088163,99.85,0,0.0,13107200
sample_15.h5,worldcover,"(1280, 1280, 1, 1)",int8,10.0,50.0,10.566437,4.18193,0,0.0,0,0.0,0,0.0,1638400
sample_19.h5,landcover_1m,"(1280, 1280, 1, 1)",uint8,0.0,9.0,0.961537,1.001018,0,0.0,851082,51.95,0,0.0,1638400
sample_19.h5,landcover_30m,"(1280, 1280, 1, 1)",uint8,0.0,2.0,0.579468,0.907278,0,0.0,1163700,71.03,0,0.0,1638400
sample_19.h5,latlon,"(2,)",float32,29.004221,118.108841,73.556531,44.55231,0,0.0,0,0.0,0,0.0,2
sample_19.h5,lt1,"(1280, 1280, 15, 1)",uint8,1.0,255.0,58.991795,54.648043,0,0.0,0,0.0,0,0.0,24576000
sample_19.h5,missing_timesteps_masks/lt1,"(15,)",bool,1.0,1.0,1.0,0.0,0,0.0,0,0.0,0,0.0,15
sample_19.h5,missing_timesteps_masks/rgb,"(15,)",bool,0.0,1.0,0.866667,0.339935,0,0.0,2,13.33,0,0.0,15
sample_19.h5,missing_timesteps_masks/sar,"(15,)",bool,0.0,1.0,0.733333,0.442217,0,0.0,4,26.67,0,0.0,15
sample_19.h5,rgb,"(1280, 1280, 13, 4)",uint8,2.0,255.0,87.970887,77.387219,0,0.0,0,0.0,0,0.0,85196800
sample_19.h5,sar,"(1280, 1280, 11, 1)",uint8,1.0,255.0,68.13995,62.624715,0,0.0,0,0.0,0,0.0,18022400
sample_19.h5,srtm,"(1280, 1280, 1, 1)",int16,374.0,1139.0,729.853572,186.913578,0,0.0,0,0.0,0,0.0,1638400
sample_19.h5,timestamps,"(15, 3)",int32,0.0,2026.0,676.933333,953.37192,0,0.0,2,4.44,0,0.0,45
sample_19.h5,worldcereal,"(1280, 1280, 1, 8)",uint8,0.0,0.0,0.0,0.0,0,0.0,13107200,100.0,0,0.0,13107200
sample_19.h5,worldcover,"(1280, 1280, 1, 1)",int8,0.0,10.0,2.871228,4.524194,0,0.0,1167978,71.29,0,0.0,1638400
sample_23.h5,landcover_1m,"(1280, 1280, 1, 1)",uint8,0.0,7.0,2.096038,0.685487,0,0.0,118,0.01,0,0.0,1638400
sample_23.h5,landcover_30m,"(1280, 1280, 1, 1)",uint8,1.0,8.0,1.99272,0.243024,0,0.0,0,0.0,0,0.0,1638400
sample_23.h5,latlon,"(2,)",float32,29.096628,118.109825,73.603227,44.506598,0,0.0,0,0.0,0,0.0,2
sample_23.h5,lt1,"(1280, 1280, 15, 1)",uint8,1.0,255.0,57.744576,47.990952,0,0.0,0,0.0,0,0.0,24576000
sample_23.h5,missing_timesteps_masks/lt1,"(15,)",bool,1.0,1.0,1.0,0.0,0,0.0,0,0.0,0,0.0,15
sample_23.h5,missing_timesteps_masks/rgb,"(15,)",bool,0.0,1.0,0.733333,0.442217,0,0.0,4,26.67,0,0.0,15
sample_23.h5,missing_timesteps_masks/sar,"(15,)",bool,0.0,1.0,0.733333,0.442217,0,0.0,4,26.67,0,0.0,15
sample_23.h5,rgb,"(1280, 1280, 11, 4)",uint8,0.0,255.0,66.188361,49.902091,0,0.0,513040,0.71,0,0.0,72089600
sample_23.h5,sar,"(1280, 1280, 11, 1)",uint8,1.0,255.0,64.014833,52.925082,0,0.0,0,0.0,0,0.0,18022400
sample_23.h5,srtm,"(1280, 1280, 1, 1)",int16,145.0,543.0,326.349029,82.110416,0,0.0,0,0.0,0,0.0,1638400
sample_23.h5,timestamps,"(15, 3)",int32,0.0,2026.0,676.933333,953.37192,0,0.0,2,4.44,0,0.0,45
sample_23.h5,worldcereal,"(1280, 1280, 1, 8)",uint8,0.0,100.0,0.030205,1.73769,0,0.0,13103241,99.97,0,0.0,13107200
sample_23.h5,worldcover,"(1280, 1280, 1, 1)",int8,10.0,60.0,10.473901,3.86712,0,0.0,0,0.0,0,0.0,1638400
sample_35.h5,landcover_1m,"(1280, 1280, 1, 1)",uint8,0.0,9.0,2.19004,0.988946,0,0.0,36,0.0,0,0.0,1638400
sample_35.h5,landcover_30m,"(1280, 1280, 1, 1)",uint8,1.0,8.0,1.950128,0.444296,0,0.0,0,0.0,0,0.0,1638400
sample_35.h5,latlon,"(2,)",float32,29.073307,118.13588,73.604593,44.531286,0,0.0,0,0.0,0,0.0,2
sample_35.h5,lt1,"(1280, 1280, 15, 1)",uint8,1.0,255.0,60.214107,51.195748,0,0.0,0,0.0,0,0.0,24576000
sample_35.h5,missing_timesteps_masks/lt1,"(15,)",bool,1.0,1.0,1.0,0.0,0,0.0,0,0.0,0,0.0,15
sample_35.h5,missing_timesteps_masks/rgb,"(15,)",bool,0.0,1.0,0.866667,0.339935,0,0.0,2,13.33,0,0.0,15
sample_35.h5,missing_timesteps_masks/sar,"(15,)",bool,0.0,1.0,0.6,0.489898,0,0.0,6,40.0,0,0.0,15
sample_35.h5,rgb,"(1280, 1280, 13, 4)",uint8,5.0,255.0,75.072934,60.36588,0,0.0,0,0.0,0,0.0,85196800
sample_35.h5,sar,"(1280, 1280, 9, 1)",uint8,0.0,255.0,61.441363,52.642419,0,0.0,6104,0.04,0,0.0,14745600
sample_35.h5,srtm,"(1280, 1280, 1, 1)",int16,177.0,588.0,357.731811,97.83929,0,0.0,0,0.0,0,0.0,1638400
sample_35.h5,timestamps,"(15, 3)",int32,0.0,2026.0,676.933333,953.37192,0,0.0,2,4.44,0,0.0,45
sample_35.h5,worldcereal,"(1280, 1280, 1, 8)",uint8,0.0,100.0,0.406044,6.359208,0,0.0,13053979,99.59,0,0.0,13107200
sample_35.h5,worldcover,"(1280, 1280, 1, 1)",int8,10.0,80.0,11.786035,7.543398,0,0.0,0,0.0,0,0.0,1638400
sample_39.h5,landcover_1m,"(1280, 1280, 1, 1)",uint8,0.0,9.0,2.41973,1.302489,0,0.0,371,0.02,0,0.0,1638400
sample_39.h5,landcover_30m,"(1280, 1280, 1, 1)",uint8,1.0,8.0,1.953119,0.613169,0,0.0,0,0.0,0,0.0,1638400
sample_39.h5,latlon,"(2,)",float32,29.165712,118.136894,73.651303,44.485591,0,0.0,0,0.0,0,0.0,2
sample_39.h5,lt1,"(1280, 1280, 15, 1)",uint8,1.0,255.0,57.512517,47.213537,0,0.0,0,0.0,0,0.0,24576000
sample_39.h5,missing_timesteps_masks/lt1,"(15,)",bool,1.0,1.0,1.0,0.0,0,0.0,0,0.0,0,0.0,15
sample_39.h5,missing_timesteps_masks/rgb,"(15,)",bool,0.0,1.0,0.733333,0.442217,0,0.0,4,26.67,0,0.0,15
sample_39.h5,missing_timesteps_masks/sar,"(15,)",bool,0.0,1.0,0.8,0.4,0,0.0,3,20.0,0,0.0,15
sample_39.h5,rgb,"(1280, 1280, 11, 4)",uint8,7.0,255.0,73.891448,62.496239,0,0.0,0,0.0,0,0.0,72089600
sample_39.h5,sar,"(1280, 1280, 12, 1)",uint8,0.0,255.0,62.848798,48.646487,0,0.0,42716,0.22,0,0.0,19660800
sample_39.h5,srtm,"(1280, 1280, 1, 1)",int16,128.0,446.0,253.98072,50.567096,0,0.0,0,0.0,0,0.0,1638400
sample_39.h5,timestamps,"(15, 3)",int32,0.0,2026.0,676.933333,953.37192,0,0.0,2,4.44,0,0.0,45
sample_39.h5,worldcereal,"(1280, 1280, 1, 8)",uint8,0.0,100.0,0.396614,6.285229,0,0.0,13055215,99.6,0,0.0,13107200
sample_39.h5,worldcover,"(1280, 1280, 1, 1)",int8,10.0,80.0,12.548914,8.597967,0,0.0,0,0.0,0,0.0,1638400
sample_46.h5,landcover_1m,"(1280, 1280, 1, 1)",uint8,0.0,9.0,2.012386,0.304449,0,0.0,5,0.0,0,0.0,1638400
sample_46.h5,landcover_30m,"(1280, 1280, 1, 1)",uint8,2.0,2.0,2.0,0.0,0,0.0,0,0.0,0,0.0,1638400
sample_46.h5,latlon,"(2,)",float32,29.026878,118.161652,73.594265,44.567387,0,0.0,0,0.0,0,0.0,2
sample_46.h5,lt1,"(1280, 1280, 15, 1)",uint8,1.0,255.0,63.549903,57.296723,0,0.0,0,0.0,0,0.0,24576000
sample_46.h5,missing_timesteps_masks/lt1,"(15,)",bool,1.0,1.0,1.0,0.0,0,0.0,0,0.0,0,0.0,15
sample_46.h5,missing_timesteps_masks/rgb,"(15,)",bool,0.0,1.0,0.866667,0.339935,0,0.0,2,13.33,0,0.0,15
sample_46.h5,missing_timesteps_masks/sar,"(15,)",bool,0.0,1.0,0.533333,0.498888,0,0.0,7,46.67,0,0.0,15
sample_46.h5,rgb,"(1280, 1280, 13, 4)",uint8,3.0,255.0,84.495268,78.877235,0,0.0,0,0.0,0,0.0,85196800
sample_46.h5,sar,"(1280, 1280, 8, 1)",uint8,1.0,255.0,76.232179,66.916102,0,0.0,0,0.0,0,0.0,13107200
sample_46.h5,srtm,"(1280, 1280, 1, 1)",int16,265.0,1106.0,648.065905,189.09092,0,0.0,0,0.0,0,0.0,1638400
sample_46.h5,timestamps,"(15, 3)",int32,0.0,2026.0,676.933333,953.37192,0,0.0,2,4.44,0,0.0,45
sample_46.h5,worldcereal,"(1280, 1280, 1, 8)",uint8,0.0,100.0,0.005638,0.750853,0,0.0,13106461,99.99,0,0.0,13107200
sample_46.h5,worldcover,"(1280, 1280, 1, 1)",int8,10.0,30.0,10.00083,0.128844,0,0.0,0,0.0,0,0.0,1638400
sample_7.h5,landcover_1m,"(1280, 1280, 1, 1)",uint8,0.0,9.0,1.158834,1.003168,0,0.0,692537,42.27,0,0.0,1638400
sample_7.h5,landcover_30m,"(1280, 1280, 1, 1)",uint8,0.0,2.0,1.000802,0.999794,0,0.0,818206,49.94,0,0.0,1638400
sample_7.h5,latlon,"(2,)",float32,29.027536,118.082802,73.555169,44.527633,0,0.0,0,0.0,0,0.0,2
sample_7.h5,lt1,"(1280, 1280, 15, 1)",uint8,1.0,255.0,60.684383,51.666065,0,0.0,0,0.0,0,0.0,24576000
sample_7.h5,missing_timesteps_masks/lt1,"(15,)",bool,1.0,1.0,1.0,0.0,0,0.0,0,0.0,0,0.0,15
sample_7.h5,missing_timesteps_masks/rgb,"(15,)",bool,0.0,1.0,0.866667,0.339935,0,0.0,2,13.33,0,0.0,15
sample_7.h5,missing_timesteps_masks/sar,"(15,)",bool,0.0,1.0,0.733333,0.442217,0,0.0,4,26.67,0,0.0,15
sample_7.h5,rgb,"(1280, 1280, 13, 4)",uint8,0.0,255.0,77.527374,71.23559,0,0.0,82716,0.1,0,0.0,85196800
sample_7.h5,sar,"(1280, 1280, 11, 1)",uint8,1.0,255.0,63.517834,55.371754,0,0.0,0,0.0,0,0.0,18022400
sample_7.h5,srtm,"(1280, 1280, 1, 1)",int16,233.0,842.0,442.66474,108.524006,0,0.0,0,0.0,0,0.0,1638400
sample_7.h5,timestamps,"(15, 3)",int32,0.0,2026.0,676.933333,953.37192,0,0.0,2,4.44,0,0.0,45
sample_7.h5,worldcereal,"(1280, 1280, 1, 8)",uint8,0.0,100.0,0.005264,0.725535,0,0.0,13106510,99.99,0,0.0,13107200
sample_7.h5,worldcover,"(1280, 1280, 1, 1)",int8,0.0,40.0,5.087079,5.178113,0,0.0,813623,49.66,0,0.0,1638400
sample_24.h5,landcover_1m,"(1280, 1280, 1, 1)",uint8,0.0,9.0,2.084263,0.622439,0,0.0,122,0.01,0,0.0,1638400
sample_24.h5,landcover_30m,"(1280, 1280, 1, 1)",uint8,1.0,8.0,1.987502,0.188388,0,0.0,0,0.0,0,0.0,1638400
sample_24.h5,latlon,"(2,)",float32,29.11973,118.110077,73.614903,44.495173,0,0.0,0,0.0,0,0.0,2
sample_24.h5,lt1,"(1280, 1280, 15, 1)",uint8,1.0,255.0,66.384795,51.431462,0,0.0,0,0.0,0,0.0,24576000
sample_24.h5,missing_timesteps_masks/lt1,"(15,)",bool,1.0,1.0,1.0,0.0,0,0.0,0,0.0,0,0.0,15
sample_24.h5,missing_timesteps_masks/rgb,"(15,)",bool,0.0,1.0,0.733333,0.442217,0,0.0,4,26.67,0,0.0,15
sample_24.h5,missing_timesteps_masks/sar,"(15,)",bool,0.0,1.0,0.733333,0.442217,0,0.0,4,26.67,0,0.0,15
sample_24.h5,rgb,"(1280, 1280, 11, 4)",uint8,1.0,255.0,70.151182,57.025275,0,0.0,0,0.0,0,0.0,72089600
sample_24.h5,sar,"(1280, 1280, 11, 1)",uint8,1.0,255.0,69.725809,53.798497,0,0.0,0,0.0,0,0.0,18022400
sample_24.h5,srtm,"(1280, 1280, 1, 1)",int16,303.0,734.0,520.159627,84.28638,0,0.0,0,0.0,0,0.0,1638400
sample_24.h5,timestamps,"(15, 3)",int32,0.0,2026.0,676.933333,953.37192,0,0.0,2,4.44,0,0.0,45
sample_24.h5,worldcereal,"(1280, 1280, 1, 8)",uint8,0.0,100.0,0.047585,2.180869,0,0.0,13100963,99.95,0,0.0,13107200
sample_24.h5,worldcover,"(1280, 1280, 1, 1)",int8,10.0,60.0,10.455377,3.214666,0,0.0,0,0.0,0,0.0,1638400
sample_12.h5,landcover_1m,"(1280, 1280, 1, 1)",uint8,0.0,7.0,2.021503,0.304681,0,0.0,6,0.0,0,0.0,1638400
sample_12.h5,landcover_30m,"(1280, 1280, 1, 1)",uint8,1.0,2.0,1.998689,0.036184,0,0.0,0,0.0,0,0.0,1638400
sample_12.h5,latlon,"(2,)",float32,29.143047,118.084007,73.613527,44.47048,0,0.0,0,0.0,0,0.0,2
sample_12.h5,lt1,"(1280, 1280, 15, 1)",uint8,1.0,255.0,62.203295,49.214989,0,0.0,0,0.0,0,0.0,24576000
sample_12.h5,missing_timesteps_masks/lt1,"(15,)",bool,1.0,1.0,1.0,0.0,0,0.0,0,0.0,0,0.0,15
sample_12.h5,missing_timesteps_masks/rgb,"(15,)",bool,0.0,1.0,0.866667,0.339935,0,0.0,2,13.33,0,0.0,15
sample_12.h5,missing_timesteps_masks/sar,"(15,)",bool,0.0,1.0,0.733333,0.442217,0,0.0,4,26.67,0,0.0,15
sample_12.h5,rgb,"(1280, 1280, 13, 4)",uint8,0.0,255.0,67.805326,55.68078,0,0.0,475956,0.56,0,0.0,85196800
sample_12.h5,sar,"(1280, 1280, 11, 1)",uint8,1.0,255.0,65.445059,52.512949,0,0.0,0,0.0,0,0.0,18022400
sample_12.h5,srtm,"(1280, 1280, 1, 1)",int16,220.0,642.0,398.796038,76.332537,0,0.0,0,0.0,0,0.0,1638400
sample_12.h5,timestamps,"(15, 3)",int32,0.0,2026.0,676.933333,953.37192,0,0.0,2,4.44,0,0.0,45
sample_12.h5,worldcereal,"(1280, 1280, 1, 8)",uint8,0.0,100.0,0.017265,1.313862,0,0.0,13104937,99.98,0,0.0,13107200
sample_12.h5,worldcover,"(1280, 1280, 1, 1)",int8,10.0,40.0,10.060413,1.262056,0,0.0,0,0.0,0,0.0,1638400
sample_28.h5,landcover_1m,"(1280, 1280, 1, 1)",uint8,0.0,9.0,2.495763,1.441139,0,0.0,286,0.02,0,0.0,1638400
sample_28.h5,landcover_30m,"(1280, 1280, 1, 1)",uint8,1.0,8.0,1.912904,0.575627,0,0.0,0,0.0,0,0.0,1638400
sample_28.h5,latlon,"(2,)",float32,29.212137,118.111069,73.661603,44.449466,0,0.0,0,0.0,0,0.0,2
sample_28.h5,lt1,"(1280, 1280, 15, 1)",uint8,1.0,255.0,58.882927,47.664073,0,0.0,0,0.0,0,0.0,24576000
sample_28.h5,missing_timesteps_masks/lt1,"(15,)",bool,1.0,1.0,1.0,0.0,0,0.0,0,0.0,0,0.0,15
sample_28.h5,missing_timesteps_masks/rgb,"(15,)",bool,0.0,1.0,0.733333,0.442217,0,0.0,4,26.67,0,0.0,15
sample_28.h5,missing_timesteps_masks/sar,"(15,)",bool,0.0,1.0,0.8,0.4,0,0.0,3,20.0,0,0.0,15
sample_28.h5,rgb,"(1280, 1280, 11, 4)",uint8,5.0,255.0,65.502173,49.143727,0,0.0,0,0.0,0,0.0,72089600
sample_28.h5,sar,"(1280, 1280, 12, 1)",uint8,1.0,255.0,67.355989,50.20423,0,0.0,0,0.0,0,0.0,19660800
sample_28.h5,srtm,"(1280, 1280, 1, 1)",int16,160.0,564.0,285.864619,78.006111,0,0.0,0,0.0,0,0.0,1638400
sample_28.h5,timestamps,"(15, 3)",int32,0.0,2026.0,676.933333,953.37192,0,0.0,2,4.44,0,0.0,45
sample_28.h5,worldcereal,"(1280, 1280, 1, 8)",uint8,0.0,100.0,1.075661,10.315475,0,0.0,12966211,98.92,0,0.0,13107200
sample_28.h5,worldcover,"(1280, 1280, 1, 1)",int8,10.0,80.0,13.215149,9.45719,0,0.0,0,0.0,0,0.0,1638400
sample_32.h5,landcover_1m,"(1280, 1280, 1, 1)",uint8,0.0,9.0,1.969808,0.320345,0,0.0,29364,1.79,0,0.0,1638400
sample_32.h5,landcover_30m,"(1280, 1280, 1, 1)",uint8,0.0,2.0,1.8428,0.538226,0,0.0,128778,7.86,0,0.0,1638400
sample_32.h5,latlon,"(2,)",float32,29.004002,118.135117,73.569559,44.565557,0,0.0,0,0.0,0,0.0,2
sample_32.h5,lt1,"(1280, 1280, 15, 1)",uint8,1.0,255.0,59.684584,55.669182,0,0.0,0,0.0,0,0.0,24576000
sample_32.h5,missing_timesteps_masks/lt1,"(15,)",bool,1.0,1.0,1.0,0.0,0,0.0,0,0.0,0,0.0,15
sample_32.h5,missing_timesteps_masks/rgb,"(15,)",bool,0.0,1.0,0.866667,0.339935,0,0.0,2,13.33,0,0.0,15
sample_32.h5,missing_timesteps_masks/sar,"(15,)",bool,0.0,1.0,0.733333,0.442217,0,0.0,4,26.67,0,0.0,15
sample_32.h5,rgb,"(1280, 1280, 13, 4)",uint8,3.0,255.0,102.335346,85.839233,0,0.0,0,0.0,0,0.0,85196800
sample_32.h5,sar,"(1280, 1280, 11, 1)",uint8,1.0,255.0,60.120995,57.98885,0,0.0,0,0.0,0,0.0,18022400
sample_32.h5,srtm,"(1280, 1280, 1, 1)",int16,263.0,1128.0,751.045449,176.066537,0,0.0,0,0.0,0,0.0,1638400
sample_32.h5,timestamps,"(15, 3)",int32,0.0,2026.0,676.933333,953.37192,0,0.0,2,4.44,0,0.0,45
sample_32.h5,worldcereal,"(1280, 1280, 1, 8)",uint8,0.0,100.0,0.005173,0.719198,0,0.0,13106522,99.99,0,0.0,13107200
sample_32.h5,worldcover,"(1280, 1280, 1, 1)",int8,0.0,30.0,9.326819,3.168826,0,0.0,130844,7.99,0,0.0,1638400
sample_41.h5,landcover_1m,"(1280, 1280, 1, 1)",uint8,0.0,9.0,2.022974,0.334323,0,0.0,4,0.0,0,0.0,1638400
sample_41.h5,landcover_30m,"(1280, 1280, 1, 1)",uint8,1.0,2.0,1.997668,0.048236,0,0.0,0,0.0,0,0.0,1638400
sample_41.h5,latlon,"(2,)",float32,29.211916,118.137405,73.674661,44.462745,0,0.0,0,0.0,0,0.0,2
sample_41.h5,lt1,"(1280, 1280, 15, 1)",uint8,1.0,255.0,60.156462,46.920898,0,0.0,0,0.0,0,0.0,24576000
sample_41.h5,missing_timesteps_masks/lt1,"(15,)",bool,1.0,1.0,1.0,0.0,0,0.0,0,0.0,0,0.0,15
sample_41.h5,missing_timesteps_masks/rgb,"(15,)",bool,0.0,1.0,0.733333,0.442217,0,0.0,4,26.67,0,0.0,15
sample_41.h5,missing_timesteps_masks/sar,"(15,)",bool,0.0,1.0,0.733333,0.442217,0,0.0,4,26.67,0,0.0,15
sample_41.h5,rgb,"(1280, 1280, 11, 4)",uint8,0.0,255.0,63.89461,52.748756,0,0.0,573480,0.8,0,0.0,72089600
sample_41.h5,sar,"(1280, 1280, 11, 1)",uint8,1.0,255.0,65.10344,50.727937,0,0.0,0,0.0,0,0.0,18022400
sample_41.h5,srtm,"(1280, 1280, 1, 1)",int16,211.0,634.0,417.286755,88.377405,0,0.0,0,0.0,0,0.0,1638400
sample_41.h5,timestamps,"(15, 3)",int32,0.0,2026.0,676.933333,953.37192,0,0.0,2,4.44,0,0.0,45
sample_41.h5,worldcereal,"(1280, 1280, 1, 8)",uint8,0.0,100.0,0.000824,0.287048,0,0.0,13107092,100.0,0,0.0,13107200
sample_41.h5,worldcover,"(1280, 1280, 1, 1)",int8,10.0,50.0,10.090533,1.486116,0,0.0,0,0.0,0,0.0,1638400
sample_16.h5,landcover_1m,"(1280, 1280, 1, 1)",uint8,0.0,9.0,2.152788,1.044377,0,0.0,35993,2.2,0,0.0,1638400
sample_16.h5,landcover_30m,"(1280, 1280, 1, 1)",uint8,0.0,2.0,1.780854,0.592942,0,0.0,147832,9.02,0,0.0,1638400
sample_16.h5,latlon,"(2,)",float32,29.235455,118.084984,73.660219,44.424765,0,0.0,0,0.0,0,0.0,2
sample_16.h5,lt1,"(1280, 1280, 15, 1)",uint8,1.0,255.0,61.239945,46.66626,0,0.0,0,0.0,0,0.0,24576000
sample_16.h5,missing_timesteps_masks/lt1,"(15,)",bool,1.0,1.0,1.0,0.0,0,0.0,0,0.0,0,0.0,15
sample_16.h5,missing_timesteps_masks/rgb,"(15,)",bool,0.0,1.0,0.866667,0.339935,0,0.0,2,13.33,0,0.0,15
sample_16.h5,missing_timesteps_masks/sar,"(15,)",bool,0.0,1.0,0.6,0.489898,0,0.0,6,40.0,0,0.0,15
sample_16.h5,rgb,"(1280, 1280, 13, 4)",uint8,5.0,255.0,61.947893,47.655569,0,0.0,0,0.0,0,0.0,85196800
sample_16.h5,sar,"(1280, 1280, 9, 1)",uint8,1.0,255.0,58.258777,46.32945,0,0.0,0,0.0,0,0.0,14745600
sample_16.h5,srtm,"(1280, 1280, 1, 1)",int16,197.0,643.0,369.710615,95.591562,0,0.0,0,0.0,0,0.0,1638400
sample_16.h5,timestamps,"(15, 3)",int32,0.0,2026.0,676.933333,953.37192,0,0.0,2,4.44,0,0.0,45
sample_16.h5,worldcereal,"(1280, 1280, 1, 8)",uint8,0.0,100.0,0.25354,5.028889,0,0.0,13073968,99.75,0,0.0,13107200
sample_16.h5,worldcover,"(1280, 1280, 1, 1)",int8,0.0,80.0,10.360889,7.200083,0,0.0,148069,9.04,0,0.0,1638400
sample_3.h5,landcover_1m,"(1280, 1280, 1, 1)",uint8,0.0,9.0,2.137045,0.78659,0,0.0,207,0.01,0,0.0,1638400
sample_3.h5,landcover_30m,"(1280, 1280, 1, 1)",uint8,1.0,2.0,1.967824,0.176467,0,0.0,0,0.0,0,0.0,1638400
sample_3.h5,latlon,"(2,)",float32,29.143257,118.057693,73.600475,44.457218,0,0.0,0,0.0,0,0.0,2
sample_3.h5,lt1,"(1280, 1280, 15, 1)",uint8,1.0,255.0,58.607652,49.945362,0,0.0,0,0.0,0,0.0,24576000
sample_3.h5,missing_timesteps_masks/lt1,"(15,)",bool,1.0,1.0,1.0,0.0,0,0.0,0,0.0,0,0.0,15
sample_3.h5,missing_timesteps_masks/rgb,"(15,)",bool,0.0,1.0,0.866667,0.339935,0,0.0,2,13.33,0,0.0,15
sample_3.h5,missing_timesteps_masks/sar,"(15,)",bool,0.0,1.0,0.733333,0.442217,0,0.0,4,26.67,0,0.0,15
sample_3.h5,rgb,"(1280, 1280, 13, 4)",uint8,6.0,255.0,64.394524,50.803373,0,0.0,0,0.0,0,0.0,85196800
sample_3.h5,sar,"(1280, 1280, 11, 1)",uint8,1.0,255.0,66.034519,55.631666,0,0.0,0,0.0,0,0.0,18022400
sample_3.h5,srtm,"(1280, 1280, 1, 1)",int16,155.0,528.0,300.023838,80.268328,0,0.0,0,0.0,0,0.0,1638400
sample_3.h5,timestamps,"(15, 3)",int32,0.0,2026.0,676.933333,953.37192,0,0.0,2,4.44,0,0.0,45
sample_3.h5,worldcereal,"(1280, 1280, 1, 8)",uint8,0.0,100.0,0.181168,4.252521,0,0.0,13083454,99.82,0,0.0,13107200
sample_3.h5,worldcover,"(1280, 1280, 1, 1)",int8,10.0,60.0,10.681604,4.57187,0,0.0,0,0.0,0,0.0,1638400
sample_36.h5,landcover_1m,"(1280, 1280, 1, 1)",uint8,0.0,9.0,2.08381,0.653056,0,0.0,123,0.01,0,0.0,1638400
sample_36.h5,landcover_30m,"(1280, 1280, 1, 1)",uint8,1.0,8.0,1.981702,0.325369,0,0.0,0,0.0,0,0.0,1638400
sample_36.h5,latlon,"(2,)",float32,29.096409,118.136131,73.61627,44.519861,0,0.0,0,0.0,0,0.0,2
sample_36.h5,lt1,"(1280, 1280, 15, 1)",uint8,1.0,255.0,58.367666,49.674213,0,0.0,0,0.0,0,0.0,24576000
sample_36.h5,missing_timesteps_masks/lt1,"(15,)",bool,1.0,1.0,1.0,0.0,0,0.0,0,0.0,0,0.0,15
sample_36.h5,missing_timesteps_masks/rgb,"(15,)",bool,0.0,1.0,0.733333,0.442217,0,0.0,4,26.67,0,0.0,15
sample_36.h5,missing_timesteps_masks/sar,"(15,)",bool,0.0,1.0,0.8,0.4,0,0.0,3,20.0,0,0.0,15
sample_36.h5,rgb,"(1280, 1280, 11, 4)",uint8,1.0,255.0,62.39889,52.234652,0,0.0,0,0.0,0,0.0,72089600
sample_36.h5,sar,"(1280, 1280, 12, 1)",uint8,0.0,255.0,66.382122,56.275303,0,0.0,18,0.0,0,0.0,19660800
sample_36.h5,srtm,"(1280, 1280, 1, 1)",int16,178.0,684.0,373.391752,116.894381,0,0.0,0,0.0,0,0.0,1638400
sample_36.h5,timestamps,"(15, 3)",int32,0.0,2026.0,676.933333,953.37192,0,0.0,2,4.44,0,0.0,45
sample_36.h5,worldcereal,"(1280, 1280, 1, 8)",uint8,0.0,100.0,0.198074,4.446144,0,0.0,13081238,99.8,0,0.0,13107200
sample_36.h5,worldcover,"(1280, 1280, 1, 1)",int8,10.0,60.0,10.929388,5.519514,0,0.0,0,0.0,0,0.0,1638400
sample_20.h5,landcover_1m,"(1280, 1280, 1, 1)",uint8,0.0,9.0,2.109191,0.823548,0,0.0,3,0.0,0,0.0,1638400
sample_20.h5,landcover_30m,"(1280, 1280, 1, 1)",uint8,0.0,8.0,1.963654,0.270025,0,0.0,21588,1.32,0,0.0,1638400
sample_20.h5,latlon,"(2,)",float32,29.027323,118.109085,73.568204,44.540881,0,0.0,0,0.0,0,0.0,2
sample_20.h5,lt1,"(1280, 1280, 15, 1)",uint8,1.0,255.0,63.384838,57.000416,0,0.0,0,0.0,0,0.0,24576000
sample_20.h5,missing_timesteps_masks/lt1,"(15,)",bool,1.0,1.0,1.0,0.0,0,0.0,0,0.0,0,0.0,15
sample_20.h5,missing_timesteps_masks/rgb,"(15,)",bool,0.0,1.0,0.866667,0.339935,0,0.0,2,13.33,0,0.0,15
sample_20.h5,missing_timesteps_masks/sar,"(15,)",bool,0.0,1.0,0.733333,0.442217,0,0.0,4,26.67,0,0.0,15
sample_20.h5,rgb,"(1280, 1280, 13, 4)",uint8,3.0,255.0,88.197367,79.766273,0,0.0,0,0.0,0,0.0,85196800
sample_20.h5,sar,"(1280, 1280, 11, 1)",uint8,0.0,255.0,71.53136,62.543663,0,0.0,97382,0.54,0,0.0,18022400
sample_20.h5,srtm,"(1280, 1280, 1, 1)",int16,252.0,994.0,561.545582,180.486083,0,0.0,0,0.0,0,0.0,1638400
sample_20.h5,timestamps,"(15, 3)",int32,0.0,2026.0,676.933333,953.37192,0,0.0,2,4.44,0,0.0,45
sample_20.h5,worldcereal,"(1280, 1280, 1, 8)",uint8,0.0,100.0,0.039124,1.97758,0,0.0,13102072,99.96,0,0.0,13107200
sample_20.h5,worldcover,"(1280, 1280, 1, 1)",int8,0.0,80.0,10.302655,4.330382,0,0.0,23082,1.41,0,0.0,1638400
sample_45.h5,landcover_1m,"(1280, 1280, 1, 1)",uint8,0.0,9.0,2.111415,0.706179,0,0.0,91,0.01,0,0.0,1638400
sample_45.h5,landcover_30m,"(1280, 1280, 1, 1)",uint8,1.0,8.0,1.985001,0.245454,0,0.0,0,0.0,0,0.0,1638400
sample_45.h5,latlon,"(2,)",float32,29.003777,118.1614,73.582588,44.578812,0,0.0,0,0.0,0,0.0,2
sample_45.h5,lt1,"(1280, 1280, 15, 1)",uint8,1.0,255.0,58.323299,55.11711,0,0.0,0,0.0,0,0.0,24576000
sample_45.h5,missing_timesteps_masks/lt1,"(15,)",bool,1.0,1.0,1.0,0.0,0,0.0,0,0.0,0,0.0,15
sample_45.h5,missing_timesteps_masks/rgb,"(15,)",bool,0.0,1.0,0.866667,0.339935,0,0.0,2,13.33,0,0.0,15
sample_45.h5,missing_timesteps_masks/sar,"(15,)",bool,0.0,1.0,0.8,0.4,0,0.0,3,20.0,0,0.0,15
sample_45.h5,rgb,"(1280, 1280, 13, 4)",uint8,1.0,255.0,100.52503,82.963907,0,0.0,0,0.0,0,0.0,85196800
sample_45.h5,sar,"(1280, 1280, 12, 1)",uint8,1.0,255.0,63.407381,60.854004,0,0.0,0,0.0,0,0.0,19660800
sample_45.h5,srtm,"(1280, 1280, 1, 1)",int16,201.0,1122.0,670.122291,236.689485,0,0.0,0,0.0,0,0.0,1638400
sample_45.h5,timestamps,"(15, 3)",int32,0.0,2026.0,676.933333,953.37192,0,0.0,2,4.44,0,0.0,45
sample_45.h5,worldcereal,"(1280, 1280, 1, 8)",uint8,0.0,100.0,0.156189,3.948987,0,0.0,13086728,99.84,0,0.0,13107200
sample_45.h5,worldcover,"(1280, 1280, 1, 1)",int8,10.0,60.0,10.585583,4.373938,0,0.0,0,0.0,0,0.0,1638400
sample_49.h5,landcover_1m,"(1280, 1280, 1, 1)",uint8,1.0,9.0,2.001446,0.121769,0,0.0,0,0.0,0,0.0,1638400
sample_49.h5,landcover_30m,"(1280, 1280, 1, 1)",uint8,2.0,2.0,2.0,0.0,0,0.0,0,0.0,0,0.0,1638400
sample_49.h5,latlon,"(2,)",float32,29.096184,118.16243,73.629307,44.533123,0,0.0,0,0.0,0,0.0,2
sample_49.h5,lt1,"(1280, 1280, 15, 1)",uint8,1.0,255.0,58.394572,51.4123,0,0.0,0,0.0,0,0.0,24576000
sample_49.h5,missing_timesteps_masks/lt1,"(15,)",bool,1.0,1.0,1.0,0.0,0,0.0,0,0.0,0,0.0,15
sample_49.h5,missing_timesteps_masks/rgb,"(15,)",bool,0.0,1.0,0.733333,0.442217,0,0.0,4,26.67,0,0.0,15
sample_49.h5,missing_timesteps_masks/sar,"(15,)",bool,0.0,1.0,0.733333,0.442217,0,0.0,4,26.67,0,0.0,15
sample_49.h5,rgb,"(1280, 1280, 11, 4)",uint8,0.0,255.0,63.134186,53.77478,0,0.0,84360,0.12,0,0.0,72089600
sample_49.h5,sar,"(1280, 1280, 11, 1)",uint8,1.0,255.0,70.297211,60.523483,0,0.0,0,0.0,0,0.0,18022400
sample_49.h5,srtm,"(1280, 1280, 1, 1)",int16,204.0,705.0,449.706032,96.2057,0,0.0,0,0.0,0,0.0,1638400
sample_49.h5,timestamps,"(15, 3)",int32,0.0,2026.0,676.933333,953.37192,0,0.0,2,4.44,0,0.0,45
sample_49.h5,worldcereal,"(1280, 1280, 1, 8)",uint8,0.0,100.0,0.011505,1.072558,0,0.0,13105692,99.99,0,0.0,13107200
sample_49.h5,worldcover,"(1280, 1280, 1, 1)",int8,10.0,50.0,10.011548,0.659118,0,0.0,0,0.0,0,0.0,1638400
sample_4.h5,landcover_1m,"(1280, 1280, 1, 1)",uint8,0.0,9.0,2.387723,1.35751,0,0.0,208,0.01,0,0.0,1638400
sample_4.h5,landcover_30m,"(1280, 1280, 1, 1)",uint8,1.0,8.0,1.971238,0.507839,0,0.0,0,0.0,0,0.0,1638400
sample_4.h5,latlon,"(2,)",float32,29.166359,118.05793,73.612144,44.445786,0,0.0,0,0.0,0,0.0,2
sample_4.h5,lt1,"(1280, 1280, 15, 1)",uint8,1.0,255.0,57.810186,49.114528,0,0.0,0,0.0,0,0.0,24576000
sample_4.h5,missing_timesteps_masks/lt1,"(15,)",bool,1.0,1.0,1.0,0.0,0,0.0,0,0.0,0,0.0,15
sample_4.h5,missing_timesteps_masks/rgb,"(15,)",bool,0.0,1.0,0.866667,0.339935,0,0.0,2,13.33,0,0.0,15
sample_4.h5,missing_timesteps_masks/sar,"(15,)",bool,0.0,1.0,0.733333,0.442217,0,0.0,4,26.67,0,0.0,15
sample_4.h5,rgb,"(1280, 1280, 13, 4)",uint8,6.0,255.0,62.892278,43.712788,0,0.0,0,0.0,0,0.0,85196800
sample_4.h5,sar,"(1280, 1280, 11, 1)",uint8,1.0,255.0,64.634362,52.4399,0,0.0,0,0.0,0,0.0,18022400
sample_4.h5,srtm,"(1280, 1280, 1, 1)",int16,86.0,450.0,208.377555,64.025588,0,0.0,0,0.0,0,0.0,1638400
sample_4.h5,timestamps,"(15, 3)",int32,0.0,2026.0,676.933333,953.37192,0,0.0,2,4.44,0,0.0,45
sample_4.h5,worldcereal,"(1280, 1280, 1, 8)",uint8,0.0,100.0,0.266968,5.159991,0,0.0,13072208,99.73,0,0.0,13107200
sample_4.h5,worldcover,"(1280, 1280, 1, 1)",int8,10.0,80.0,11.67923,7.924599,0,0.0,0,0.0,0,0.0,1638400
sample_8.h5,landcover_1m,"(1280, 1280, 1, 1)",uint8,0.0,9.0,2.104493,0.797809,0,0.0,3556,0.22,0,0.0,1638400
sample_8.h5,landcover_30m,"(1280, 1280, 1, 1)",uint8,0.0,2.0,1.955046,0.243825,0,0.0,13531,0.83,0,0.0,1638400
sample_8.h5,latlon,"(2,)",float32,29.05064,118.083038,73.566839,44.516199,0,0.0,0,0.0,0,0.0,2
sample_8.h5,lt1,"(1280, 1280, 15, 1)",uint8,1.0,255.0,59.173999,48.992934,0,0.0,0,0.0,0,0.0,24576000
sample_8.h5,missing_timesteps_masks/lt1,"(15,)",bool,1.0,1.0,1.0,0.0,0,0.0,0,0.0,0,0.0,15
sample_8.h5,missing_timesteps_masks/rgb,"(15,)",bool,0.0,1.0,0.866667,0.339935,0,0.0,2,13.33,0,0.0,15
sample_8.h5,missing_timesteps_masks/sar,"(15,)",bool,0.0,1.0,0.666667,0.471405,0,0.0,5,33.33,0,0.0,15
sample_8.h5,rgb,"(1280, 1280, 13, 4)",uint8,1.0,255.0,77.913224,66.778967,0,0.0,0,0.0,0,0.0,85196800
sample_8.h5,sar,"(1280, 1280, 10, 1)",uint8,1.0,255.0,59.156159,50.259283,0,0.0,0,0.0,0,0.0,16384000
sample_8.h5,srtm,"(1280, 1280, 1, 1)",int16,243.0,541.0,356.955372,56.115689,0,0.0,0,0.0,0,0.0,1638400
sample_8.h5,timestamps,"(15, 3)",int32,0.0,2026.0,676.933333,953.37192,0,0.0,2,4.44,0,0.0,45
sample_8.h5,worldcereal,"(1280, 1280, 1, 8)",uint8,0.0,100.0,0.222565,4.712423,0,0.0,13078028,99.78,0,0.0,13107200
sample_8.h5,worldcover,"(1280, 1280, 1, 1)",int8,0.0,80.0,10.783197,5.838981,0,0.0,14468,0.88,0,0.0,1638400
sample_11.h5,landcover_1m,"(1280, 1280, 1, 1)",uint8,0.0,9.0,2.030724,0.36867,0,0.0,19,0.0,0,0.0,1638400
sample_11.h5,landcover_30m,"(1280, 1280, 1, 1)",uint8,1.0,2.0,1.995591,0.066255,0,0.0,0,0.0,0,0.0,1638400
sample_11.h5,latlon,"(2,)",float32,29.119946,118.083763,73.601854,44.481909,0,0.0,0,0.0,0,0.0,2
sample_11.h5,lt1,"(1280, 1280, 15, 1)",uint8,1.0,255.0,60.679361,50.877802,0,0.0,0,0.0,0,0.0,24576000
sample_11.h5,missing_timesteps_masks/lt1,"(15,)",bool,1.0,1.0,1.0,0.0,0,0.0,0,0.0,0,0.0,15
sample_11.h5,missing_timesteps_masks/rgb,"(15,)",bool,0.0,1.0,0.733333,0.442217,0,0.0,4,26.67,0,0.0,15
sample_11.h5,missing_timesteps_masks/sar,"(15,)",bool,0.0,1.0,0.733333,0.442217,0,0.0,4,26.67,0,0.0,15
sample_11.h5,rgb,"(1280, 1280, 11, 4)",uint8,0.0,255.0,71.506165,58.382018,0,0.0,80780,0.11,0,0.0,72089600
sample_11.h5,sar,"(1280, 1280, 11, 1)",uint8,1.0,255.0,64.431578,53.210066,0,0.0,0,0.0,0,0.0,18022400
sample_11.h5,srtm,"(1280, 1280, 1, 1)",int16,200.0,566.0,370.24375,75.279819,0,0.0,0,0.0,0,0.0,1638400
sample_11.h5,timestamps,"(15, 3)",int32,0.0,2026.0,676.933333,953.37192,0,0.0,2,4.44,0,0.0,45
sample_11.h5,worldcereal,"(1280, 1280, 1, 8)",uint8,0.0,100.0,0.034874,1.867132,0,0.0,13102629,99.97,0,0.0,13107200
sample_11.h5,worldcover,"(1280, 1280, 1, 1)",int8,10.0,50.0,10.221027,2.325221,0,0.0,0,0.0,0,0.0,1638400
sample_27.h5,landcover_1m,"(1280, 1280, 1, 1)",uint8,0.0,9.0,2.700187,1.679056,0,0.0,551,0.03,0,0.0,1638400
sample_27.h5,landcover_30m,"(1280, 1280, 1, 1)",uint8,1.0,8.0,1.989235,0.988953,0,0.0,0,0.0,0,0.0,1638400
sample_27.h5,latlon,"(2,)",float32,29.189035,118.110825,73.64993,44.460895,0,0.0,0,0.0,0,0.0,2
sample_27.h5,lt1,"(1280, 1280, 15, 1)",uint8,1.0,255.0,54.923748,46.572528,0,0.0,0,0.0,0,0.0,24576000
sample_27.h5,missing_timesteps_masks/lt1,"(15,)",bool,1.0,1.0,1.0,0.0,0,0.0,0,0.0,0,0.0,15
sample_27.h5,missing_timesteps_masks/rgb,"(15,)",bool,0.0,1.0,0.733333,0.442217,0,0.0,4,26.67,0,0.0,15
sample_27.h5,missing_timesteps_masks/sar,"(15,)",bool,0.0,1.0,0.8,0.4,0,0.0,3,20.0,0,0.0,15
sample_27.h5,rgb,"(1280, 1280, 11, 4)",uint8,0.0,255.0,62.992678,43.260265,0,0.0,422876,0.59,0,0.0,72089600
sample_27.h5,sar,"(1280, 1280, 12, 1)",uint8,0.0,255.0,61.361567,48.464925,0,0.0,70145,0.36,0,0.0,19660800
sample_27.h5,srtm,"(1280, 1280, 1, 1)",int16,128.0,439.0,220.616502,53.053944,0,0.0,0,0.0,0,0.0,1638400
sample_27.h5,timestamps,"(15, 3)",int32,0.0,2026.0,676.933333,953.37192,0,0.0,2,4.44,0,0.0,45
sample_27.h5,worldcereal,"(1280, 1280, 1, 8)",uint8,0.0,100.0,0.940178,9.650588,0,0.0,12983969,99.06,0,0.0,13107200
sample_27.h5,worldcover,"(1280, 1280, 1, 1)",int8,10.0,80.0,13.822449,10.619396,0,0.0,0,0.0,0,0.0,1638400
sample_31.h5,landcover_1m,"(1280, 1280, 1, 1)",uint8,0.0,9.0,2.03045,0.805127,0,0.0,55740,3.4,0,0.0,1638400
sample_31.h5,landcover_30m,"(1280, 1280, 1, 1)",uint8,0.0,2.0,1.803654,0.594865,0,0.0,160621,9.8,0,0.0,1638400
sample_31.h5,latlon,"(2,)",float32,29.281441,118.111816,73.696629,44.415188,0,0.0,0,0.0,0,0.0,2
sample_31.h5,lt1,"(1280, 1280, 14, 1)",uint8,1.0,255.0,66.239961,55.948897,0,0.0,0,0.0,0,0.0,22937600
sample_31.h5,missing_timesteps_masks/lt1,"(15,)",bool,0.0,1.0,0.933333,0.249444,0,0.0,1,6.67,0,0.0,15
sample_31.h5,missing_timesteps_masks/rgb,"(15,)",bool,0.0,1.0,0.866667,0.339935,0,0.0,2,13.33,0,0.0,15
sample_31.h5,missing_timesteps_masks/sar,"(15,)",bool,0.0,1.0,0.8,0.4,0,0.0,3,20.0,0,0.0,15
sample_31.h5,rgb,"(1280, 1280, 13, 4)",uint8,3.0,255.0,77.029674,71.027839,0,0.0,0,0.0,0,0.0,85196800
sample_31.h5,sar,"(1280, 1280, 12, 1)",uint8,0.0,255.0,70.771777,58.663743,0,0.0,2,0.0,0,0.0,19660800
sample_31.h5,srtm,"(1280, 1280, 1, 1)",int16,432.0,1202.0,796.359182,157.887966,0,0.0,0,0.0,0,0.0,1638400
sample_31.h5,timestamps,"(15, 3)",int32,0.0,2026.0,676.933333,953.37192,0,0.0,2,4.44,0,0.0,45
sample_31.h5,worldcereal,"(1280, 1280, 1, 8)",uint8,0.0,100.0,0.001251,0.353724,0,0.0,13107036,100.0,0,0.0,13107200
sample_31.h5,worldcover,"(1280, 1280, 1, 1)",int8,0.0,50.0,9.078522,3.090681,0,0.0,156863,9.57,0,0.0,1638400
sample_42.h5,landcover_1m,"(1280, 1280, 1, 1)",uint8,0.0,7.0,2.009594,0.204504,0,0.0,22,0.0,0,0.0,1638400
sample_42.h5,landcover_30m,"(1280, 1280, 1, 1)",uint8,1.0,2.0,1.999452,0.023405,0,0.0,0,0.0,0,0.0,1638400
sample_42.h5,latlon,"(2,)",float32,29.235016,118.137657,73.686337,44.451321,0,0.0,0,0.0,0,0.0,2
sample_42.h5,lt1,"(1280, 1280, 15, 1)",uint8,1.0,255.0,64.434323,46.890212,0,0.0,0,0.0,0,0.0,24576000
sample_42.h5,missing_timesteps_masks/lt1,"(15,)",bool,1.0,1.0,1.0,0.0,0,0.0,0,0.0,0,0.0,15
sample_42.h5,missing_timesteps_masks/rgb,"(15,)",bool,0.0,1.0,0.733333,0.442217,0,0.0,4,26.67,0,0.0,15
sample_42.h5,missing_timesteps_masks/sar,"(15,)",bool,0.0,1.0,0.6,0.489898,0,0.0,6,40.0,0,0.0,15
sample_42.h5,rgb,"(1280, 1280, 11, 4)",uint8,0.0,255.0,72.421278,67.185786,0,0.0,440940,0.61,0,0.0,72089600
sample_42.h5,sar,"(1280, 1280, 9, 1)",uint8,1.0,255.0,63.457035,48.484295,0,0.0,0,0.0,0,0.0,14745600
sample_42.h5,srtm,"(1280, 1280, 1, 1)",int16,329.0,936.0,592.77373,136.973685,0,0.0,0,0.0,0,0.0,1638400
sample_42.h5,timestamps,"(15, 3)",int32,0.0,2026.0,676.933333,953.37192,0,0.0,2,4.44,0,0.0,45
sample_42.h5,worldcereal,"(1280, 1280, 1, 8)",uint8,0.0,100.0,0.005432,0.73701,0,0.0,13106488,99.99,0,0.0,13107200
sample_42.h5,worldcover,"(1280, 1280, 1, 1)",int8,10.0,40.0,10.086298,1.451002,0,0.0,0,0.0,0,0.0,1638400
sample_6.h5,landcover_1m,"(1280, 1280, 1, 1)",uint8,0.0,9.0,1.783315,0.814767,0,0.0,212470,12.97,0,0.0,1638400
sample_6.h5,landcover_30m,"(1280, 1280, 1, 1)",uint8,0.0,2.0,1.562248,0.821888,0,0.0,351744,21.47,0,0.0,1638400
sample_6.h5,latlon,"(2,)",float32,29.212563,118.058403,73.635483,44.42292,0,0.0,0,0.0,0,0.0,2
sample_6.h5,lt1,"(1280, 1280, 15, 1)",uint8,1.0,255.0,59.031578,50.223407,0,0.0,0,0.0,0,0.0,24576000
sample_6.h5,missing_timesteps_masks/lt1,"(15,)",bool,1.0,1.0,1.0,0.0,0,0.0,0,0.0,0,0.0,15
sample_6.h5,missing_timesteps_masks/rgb,"(15,)",bool,0.0,1.0,0.866667,0.339935,0,0.0,2,13.33,0,0.0,15
sample_6.h5,missing_timesteps_masks/sar,"(15,)",bool,0.0,1.0,0.733333,0.442217,0,0.0,4,26.67,0,0.0,15
sample_6.h5,rgb,"(1280, 1280, 13, 4)",uint8,6.0,255.0,68.433152,55.059373,0,0.0,0,0.0,0,0.0,85196800
sample_6.h5,sar,"(1280, 1280, 11, 1)",uint8,1.0,255.0,64.918229,52.235108,0,0.0,0,0.0,0,0.0,18022400
sample_6.h5,srtm,"(1280, 1280, 1, 1)",int16,186.0,707.0,400.703491,120.988222,0,0.0,0,0.0,0,0.0,1638400
sample_6.h5,timestamps,"(15, 3)",int32,0.0,2026.0,676.933333,953.37192,0,0.0,2,4.44,0,0.0,45
sample_6.h5,worldcereal,"(1280, 1280, 1, 8)",uint8,0.0,100.0,0.031013,1.760792,0,0.0,13103135,99.97,0,0.0,13107200
sample_6.h5,worldcover,"(1280, 1280, 1, 1)",int8,0.0,50.0,8.087152,4.916392,0,0.0,351763,21.47,0,0.0,1638400
sample_29.h5,landcover_1m,"(1280, 1280, 1, 1)",uint8,0.0,9.0,2.12112,0.756407,0,0.0,57,0.0,0,0.0,1638400
sample_29.h5,landcover_30m,"(1280, 1280, 1, 1)",uint8,1.0,8.0,2.011451,0.444778,0,0.0,0,0.0,0,0.0,1638400
sample_29.h5,latlon,"(2,)",float32,29.235237,118.11132,73.673279,44.438042,0,0.0,0,0.0,0,0.0,2
sample_29.h5,lt1,"(1280, 1280, 15, 1)",uint8,1.0,255.0,65.945463,48.81652,0,0.0,0,0.0,0,0.0,24576000
sample_29.h5,missing_timesteps_masks/lt1,"(15,)",bool,1.0,1.0,1.0,0.0,0,0.0,0,0.0,0,0.0,15
sample_29.h5,missing_timesteps_masks/rgb,"(15,)",bool,0.0,1.0,0.733333,0.442217,0,0.0,4,26.67,0,0.0,15
sample_29.h5,missing_timesteps_masks/sar,"(15,)",bool,0.0,1.0,0.666667,0.471405,0,0.0,5,33.33,0,0.0,15
sample_29.h5,rgb,"(1280, 1280, 11, 4)",uint8,4.0,255.0,64.247115,52.461043,0,0.0,0,0.0,0,0.0,72089600
sample_29.h5,sar,"(1280, 1280, 10, 1)",uint8,1.0,255.0,70.064097,52.012124,0,0.0,0,0.0,0,0.0,16384000
sample_29.h5,srtm,"(1280, 1280, 1, 1)",int16,196.0,727.0,420.296993,110.006045,0,0.0,0,0.0,0,0.0,1638400
sample_29.h5,timestamps,"(15, 3)",int32,0.0,2026.0,676.933333,953.37192,0,0.0,2,4.44,0,0.0,45
sample_29.h5,worldcereal,"(1280, 1280, 1, 8)",uint8,0.0,100.0,0.121994,3.490633,0,0.0,13091210,99.88,0,0.0,13107200
sample_29.h5,worldcover,"(1280, 1280, 1, 1)",int8,10.0,80.0,10.610962,4.458524,0,0.0,0,0.0,0,0.0,1638400
sample_13.h5,landcover_1m,"(1280, 1280, 1, 1)",uint8,0.0,9.0,2.023914,0.376651,0,0.0,3,0.0,0,0.0,1638400
sample_13.h5,landcover_30m,"(1280, 1280, 1, 1)",uint8,1.0,2.0,1.996429,0.059652,0,0.0,0,0.0,0,0.0,1638400
sample_13.h5,latlon,"(2,)",float32,29.166149,118.084251,73.6252,44.459051,0,0.0,0,0.0,0,0.0,2
sample_13.h5,lt1,"(1280, 1280, 15, 1)",uint8,1.0,255.0,60.154885,48.650986,0,0.0,0,0.0,0,0.0,24576000
sample_13.h5,missing_timesteps_masks/lt1,"(15,)",bool,1.0,1.0,1.0,0.0,0,0.0,0,0.0,0,0.0,15
sample_13.h5,missing_timesteps_masks/rgb,"(15,)",bool,0.0,1.0,0.866667,0.339935,0,0.0,2,13.33,0,0.0,15
sample_13.h5,missing_timesteps_masks/sar,"(15,)",bool,0.0,1.0,0.733333,0.442217,0,0.0,4,26.67,0,0.0,15
sample_13.h5,rgb,"(1280, 1280, 13, 4)",uint8,7.0,255.0,62.728371,46.642001,0,0.0,0,0.0,0,0.0,85196800
sample_13.h5,sar,"(1280, 1280, 11, 1)",uint8,1.0,255.0,66.354637,53.099441,0,0.0,0,0.0,0,0.0,18022400
sample_13.h5,srtm,"(1280, 1280, 1, 1)",int16,122.0,544.0,342.323621,89.65286,0,0.0,0,0.0,0,0.0,1638400
sample_13.h5,timestamps,"(15, 3)",int32,0.0,2026.0,676.933333,953.37192,0,0.0,2,4.44,0,0.0,45
sample_13.h5,worldcereal,"(1280, 1280, 1, 8)",uint8,0.0,100.0,0.006264,0.791413,0,0.0,13106379,99.99,0,0.0,13107200
sample_13.h5,worldcover,"(1280, 1280, 1, 1)",int8,10.0,60.0,10.105963,1.718307,0,0.0,0,0.0,0,0.0,1638400
sample_25.h5,landcover_1m,"(1280, 1280, 1, 1)",uint8,0.0,9.0,2.056612,0.496253,0,0.0,61,0.0,0,0.0,1638400
sample_25.h5,landcover_30m,"(1280, 1280, 1, 1)",uint8,1.0,2.0,1.985284,0.120414,0,0.0,0,0.0,0,0.0,1638400
sample_25.h5,latlon,"(2,)",float32,29.142832,118.110321,73.626576,44.483745,0,0.0,0,0.0,0,0.0,2
sample_25.h5,lt1,"(1280, 1280, 15, 1)",uint8,1.0,255.0,58.33148,47.524383,0,0.0,0,0.0,0,0.0,24576000
sample_25.h5,missing_timesteps_masks/lt1,"(15,)",bool,1.0,1.0,1.0,0.0,0,0.0,0,0.0,0,0.0,15
sample_25.h5,missing_timesteps_masks/rgb,"(15,)",bool,0.0,1.0,0.733333,0.442217,0,0.0,4,26.67,0,0.0,15
sample_25.h5,missing_timesteps_masks/sar,"(15,)",bool,0.0,1.0,0.733333,0.442217,0,0.0,4,26.67,0,0.0,15
sample_25.h5,rgb,"(1280, 1280, 11, 4)",uint8,0.0,255.0,69.174683,57.607691,0,0.0,4248,0.01,0,0.0,72089600
sample_25.h5,sar,"(1280, 1280, 11, 1)",uint8,1.0,255.0,63.556629,50.955416,0,0.0,0,0.0,0,0.0,18022400
sample_25.h5,srtm,"(1280, 1280, 1, 1)",int16,184.0,625.0,369.292541,105.722515,0,0.0,0,0.0,0,0.0,1638400
sample_25.h5,timestamps,"(15, 3)",int32,0.0,2026.0,676.933333,953.37192,0,0.0,2,4.44,0,0.0,45
sample_25.h5,worldcereal,"(1280, 1280, 1, 8)",uint8,0.0,100.0,0.103081,3.208964,0,0.0,13093689,99.9,0,0.0,13107200
sample_25.h5,worldcover,"(1280, 1280, 1, 1)",int8,10.0,60.0,10.43623,3.617332,0,0.0,0,0.0,0,0.0,1638400
sample_33.h5,landcover_1m,"(1280, 1280, 1, 1)",uint8,1.0,9.0,2.001176,0.097774,0,0.0,0,0.0,0,0.0,1638400
sample_33.h5,landcover_30m,"(1280, 1280, 1, 1)",uint8,0.0,2.0,1.9875,0.157619,0,0.0,10240,0.62,0,0.0,1638400
sample_33.h5,latlon,"(2,)",float32,29.027103,118.135368,73.581236,44.554132,0,0.0,0,0.0,0,0.0,2
sample_33.h5,lt1,"(1280, 1280, 15, 1)",uint8,1.0,255.0,56.809787,53.878736,0,0.0,0,0.0,0,0.0,24576000
sample_33.h5,missing_timesteps_masks/lt1,"(15,)",bool,1.0,1.0,1.0,0.0,0,0.0,0,0.0,0,0.0,15
sample_33.h5,missing_timesteps_masks/rgb,"(15,)",bool,0.0,1.0,0.866667,0.339935,0,0.0,2,13.33,0,0.0,15
sample_33.h5,missing_timesteps_masks/sar,"(15,)",bool,0.0,1.0,0.666667,0.471405,0,0.0,5,33.33,0,0.0,15
sample_33.h5,rgb,"(1280, 1280, 13, 4)",uint8,3.0,255.0,85.215683,79.0175,0,0.0,0,0.0,0,0.0,85196800
sample_33.h5,sar,"(1280, 1280, 10, 1)",uint8,1.0,255.0,58.982871,57.988378,0,0.0,0,0.0,0,0.0,16384000
sample_33.h5,srtm,"(1280, 1280, 1, 1)",int16,280.0,1047.0,603.015263,173.664962,0,0.0,0,0.0,0,0.0,1638400
sample_33.h5,timestamps,"(15, 3)",int32,0.0,2026.0,676.933333,953.37192,0,0.0,2,4.44,0,0.0,45
sample_33.h5,worldcereal,"(1280, 1280, 1, 8)",uint8,0.0,0.0,0.0,0.0,0,0.0,13107200,100.0,0,0.0,13107200
sample_33.h5,worldcover,"(1280, 1280, 1, 1)",int8,0.0,40.0,9.935443,0.864216,0,0.0,11049,0.67,0,0.0,1638400
sample_40.h5,landcover_1m,"(1280, 1280, 1, 1)",uint8,0.0,9.0,2.355508,1.19307,0,0.0,201,0.01,0,0.0,1638400
sample_40.h5,landcover_30m,"(1280, 1280, 1, 1)",uint8,1.0,8.0,1.928049,0.55705,0,0.0,0,0.0,0,0.0,1638400
sample_40.h5,latlon,"(2,)",float32,29.188814,118.137146,73.66298,44.474166,0,0.0,0,0.0,0,0.0,2
sample_40.h5,lt1,"(1280, 1280, 15, 1)",uint8,1.0,255.0,59.046946,48.358931,0,0.0,0,0.0,0,0.0,24576000
sample_40.h5,missing_timesteps_masks/lt1,"(15,)",bool,1.0,1.0,1.0,0.0,0,0.0,0,0.0,0,0.0,15
sample_40.h5,missing_timesteps_masks/rgb,"(15,)",bool,0.0,1.0,0.733333,0.442217,0,0.0,4,26.67,0,0.0,15
sample_40.h5,missing_timesteps_masks/sar,"(15,)",bool,0.0,1.0,0.666667,0.471405,0,0.0,5,33.33,0,0.0,15
sample_40.h5,rgb,"(1280, 1280, 11, 4)",uint8,0.0,255.0,69.248177,54.631841,0,0.0,94240,0.13,0,0.0,72089600
sample_40.h5,sar,"(1280, 1280, 10, 1)",uint8,1.0,255.0,62.644355,49.302683,0,0.0,0,0.0,0,0.0,16384000
sample_40.h5,srtm,"(1280, 1280, 1, 1)",int16,149.0,526.0,254.979885,53.170038,0,0.0,0,0.0,0,0.0,1638400
sample_40.h5,timestamps,"(15, 3)",int32,0.0,2026.0,676.933333,953.37192,0,0.0,2,4.44,0,0.0,45
sample_40.h5,worldcereal,"(1280, 1280, 1, 8)",uint8,0.0,100.0,0.397308,6.290706,0,0.0,13055124,99.6,0,0.0,13107200
sample_40.h5,worldcover,"(1280, 1280, 1, 1)",int8,10.0,80.0,12.22337,8.164727,0,0.0,0,0.0,0,0.0,1638400
sample_1.h5,landcover_1m,"(1280, 1280, 1, 1)",uint8,0.0,9.0,2.362836,1.380498,0,0.0,44440,2.71,0,0.0,1638400
sample_1.h5,landcover_30m,"(1280, 1280, 1, 1)",uint8,0.0,8.0,1.919128,0.926698,0,0.0,80252,4.9,0,0.0,1638400
sample_1.h5,latlon,"(2,)",float32,29.097054,118.05722,73.577137,44.480083,0,0.0,0,0.0,0,0.0,2
sample_1.h5,lt1,"(1280, 1280, 15, 1)",uint8,1.0,255.0,58.347117,48.470438,0,0.0,0,0.0,0,0.0,24576000
sample_1.h5,missing_timesteps_masks/lt1,"(15,)",bool,1.0,1.0,1.0,0.0,0,0.0,0,0.0,0,0.0,15
sample_1.h5,missing_timesteps_masks/rgb,"(15,)",bool,0.0,1.0,0.866667,0.339935,0,0.0,2,13.33,0,0.0,15
sample_1.h5,missing_timesteps_masks/sar,"(15,)",bool,0.0,1.0,0.733333,0.442217,0,0.0,4,26.67,0,0.0,15
sample_1.h5,rgb,"(1280, 1280, 13, 4)",uint8,3.0,255.0,64.307696,46.354828,0,0.0,0,0.0,0,0.0,85196800
sample_1.h5,sar,"(1280, 1280, 11, 1)",uint8,0.0,255.0,59.456072,50.512957,0,0.0,217484,1.21,0,0.0,18022400
sample_1.h5,srtm,"(1280, 1280, 1, 1)",int16,81.0,370.0,169.755865,48.638825,0,0.0,0,0.0,0,0.0,1638400
sample_1.h5,timestamps,"(15, 3)",int32,0.0,2026.0,676.933333,953.37192,0,0.0,2,4.44,0,0.0,45
sample_1.h5,worldcereal,"(1280, 1280, 1, 8)",uint8,0.0,100.0,0.615936,7.823954,0,0.0,13026468,99.38,0,0.0,13107200
sample_1.h5,worldcover,"(1280, 1280, 1, 1)",int8,0.0,80.0,12.350452,10.015986,0,0.0,83611,5.1,0,0.0,1638400
sample_14.h5,landcover_1m,"(1280, 1280, 1, 1)",uint8,0.0,9.0,2.597572,1.602219,0,0.0,259,0.02,0,0.0,1638400
sample_14.h5,landcover_30m,"(1280, 1280, 1, 1)",uint8,1.0,8.0,1.954225,0.869857,0,0.0,0,0.0,0,0.0,1638400
sample_14.h5,latlon,"(2,)",float32,29.189251,118.084496,73.636873,44.447622,0,0.0,0,0.0,0,0.0,2
sample_14.h5,lt1,"(1280, 1280, 15, 1)",uint8,1.0,255.0,54.179409,47.554729,0,0.0,0,0.0,0,0.0,24576000
sample_14.h5,missing_timesteps_masks/lt1,"(15,)",bool,1.0,1.0,1.0,0.0,0,0.0,0,0.0,0,0.0,15
sample_14.h5,missing_timesteps_masks/rgb,"(15,)",bool,0.0,1.0,0.866667,0.339935,0,0.0,2,13.33,0,0.0,15
sample_14.h5,missing_timesteps_masks/sar,"(15,)",bool,0.0,1.0,0.733333,0.442217,0,0.0,4,26.67,0,0.0,15
sample_14.h5,rgb,"(1280, 1280, 13, 4)",uint8,2.0,255.0,63.617872,42.197397,0,0.0,0,0.0,0,0.0,85196800
sample_14.h5,sar,"(1280, 1280, 11, 1)",uint8,1.0,255.0,58.903838,48.185256,0,0.0,0,0.0,0,0.0,18022400
sample_14.h5,srtm,"(1280, 1280, 1, 1)",int16,106.0,401.0,206.921505,52.497552,0,0.0,0,0.0,0,0.0,1638400
sample_14.h5,timestamps,"(15, 3)",int32,0.0,2026.0,676.933333,953.37192,0,0.0,2,4.44,0,0.0,45
sample_14.h5,worldcereal,"(1280, 1280, 1, 8)",uint8,0.0,100.0,0.42794,6.527703,0,0.0,13051109,99.57,0,0.0,13107200
sample_14.h5,worldcover,"(1280, 1280, 1, 1)",int8,10.0,80.0,12.954535,9.377202,0,0.0,0,0.0,0,0.0,1638400
sample_18.h5,landcover_1m,"(1280, 1280, 1, 1)",uint8,0.0,9.0,1.962114,1.008113,0,0.0,139488,8.51,0,0.0,1638400
sample_18.h5,landcover_30m,"(1280, 1280, 1, 1)",uint8,0.0,8.0,1.690921,0.739022,0,0.0,253506,15.47,0,0.0,1638400
sample_18.h5,latlon,"(2,)",float32,29.281656,118.085472,73.683564,44.401908,0,0.0,0,0.0,0,0.0,2
sample_18.h5,lt1,"(1280, 1280, 14, 1)",uint8,1.0,255.0,60.494406,51.110717,0,0.0,0,0.0,0,0.0,22937600
sample_18.h5,missing_timesteps_masks/lt1,"(15,)",bool,0.0,1.0,0.933333,0.249444,0,0.0,1,6.67,0,0.0,15
sample_18.h5,missing_timesteps_masks/rgb,"(15,)",bool,0.0,1.0,0.866667,0.339935,0,0.0,2,13.33,0,0.0,15
sample_18.h5,missing_timesteps_masks/sar,"(15,)",bool,0.0,1.0,0.733333,0.442217,0,0.0,4,26.67,0,0.0,15
sample_18.h5,rgb,"(1280, 1280, 13, 4)",uint8,0.0,255.0,80.366697,72.120882,0,0.0,505852,0.59,0,0.0,85196800
sample_18.h5,sar,"(1280, 1280, 11, 1)",uint8,0.0,255.0,60.10808,50.581959,0,0.0,6,0.0,0,0.0,18022400
sample_18.h5,srtm,"(1280, 1280, 1, 1)",int16,430.0,1015.0,686.071451,109.431568,0,0.0,0,0.0,0,0.0,1638400
sample_18.h5,timestamps,"(15, 3)",int32,0.0,2026.0,676.933333,953.37192,0,0.0,2,4.44,0,0.0,45
sample_18.h5,worldcereal,"(1280, 1280, 1, 8)",uint8,0.0,100.0,0.026505,1.627805,0,0.0,13103726,99.97,0,0.0,13107200
sample_18.h5,worldcover,"(1280, 1280, 1, 1)",int8,0.0,60.0,8.623621,4.076836,0,0.0,245837,15.0,0,0.0,1638400
sample_22.h5,landcover_1m,"(1280, 1280, 1, 1)",uint8,0.0,9.0,2.221901,1.007954,0,0.0,146,0.01,0,0.0,1638400
sample_22.h5,landcover_30m,"(1280, 1280, 1, 1)",uint8,1.0,8.0,1.982948,0.552104,0,0.0,0,0.0,0,0.0,1638400
sample_22.h5,latlon,"(2,)",float32,29.073526,118.109581,73.591554,44.518027,0,0.0,0,0.0,0,0.0,2
sample_22.h5,lt1,"(1280, 1280, 15, 1)",uint8,1.0,255.0,57.254406,50.087947,0,0.0,0,0.0,0,0.0,24576000
sample_22.h5,missing_timesteps_masks/lt1,"(15,)",bool,1.0,1.0,1.0,0.0,0,0.0,0,0.0,0,0.0,15
sample_22.h5,missing_timesteps_masks/rgb,"(15,)",bool,0.0,1.0,0.866667,0.339935,0,0.0,2,13.33,0,0.0,15
sample_22.h5,missing_timesteps_masks/sar,"(15,)",bool,0.0,1.0,0.6,0.489898,0,0.0,6,40.0,0,0.0,15
sample_22.h5,rgb,"(1280, 1280, 13, 4)",uint8,0.0,255.0,74.698669,62.31384,0,0.0,303240,0.36,0,0.0,85196800
sample_22.h5,sar,"(1280, 1280, 9, 1)",uint8,0.0,255.0,59.023203,52.277588,0,0.0,27170,0.18,0,0.0,14745600
sample_22.h5,srtm,"(1280, 1280, 1, 1)",int16,199.0,545.0,344.11325,80.746741,0,0.0,0,0.0,0,0.0,1638400
sample_22.h5,timestamps,"(15, 3)",int32,0.0,2026.0,676.933333,953.37192,0,0.0,2,4.44,0,0.0,45
sample_22.h5,worldcereal,"(1280, 1280, 1, 8)",uint8,0.0,100.0,0.242409,4.917531,0,0.0,13075427,99.76,0,0.0,13107200
sample_22.h5,worldcover,"(1280, 1280, 1, 1)",int8,10.0,80.0,11.930267,8.219371,0,0.0,0,0.0,0,0.0,1638400
sample_34.h5,landcover_1m,"(1280, 1280, 1, 1)",uint8,0.0,9.0,2.886432,1.841097,0,0.0,365,0.02,0,0.0,1638400
sample_34.h5,landcover_30m,"(1280, 1280, 1, 1)",uint8,1.0,8.0,1.940198,1.272895,0,0.0,0,0.0,0,0.0,1638400
sample_34.h5,latlon,"(2,)",float32,29.050205,118.13562,73.592913,44.542707,0,0.0,0,0.0,0,0.0,2
sample_34.h5,lt1,"(1280, 1280, 15, 1)",uint8,1.0,255.0,59.520456,47.567746,0,0.0,0,0.0,0,0.0,24576000
sample_34.h5,missing_timesteps_masks/lt1,"(15,)",bool,1.0,1.0,1.0,0.0,0,0.0,0,0.0,0,0.0,15
sample_34.h5,missing_timesteps_masks/rgb,"(15,)",bool,0.0,1.0,0.866667,0.339935,0,0.0,2,13.33,0,0.0,15
sample_34.h5,missing_timesteps_masks/sar,"(15,)",bool,0.0,1.0,0.6,0.489898,0,0.0,6,40.0,0,0.0,15
sample_34.h5,rgb,"(1280, 1280, 13, 4)",uint8,1.0,255.0,78.091008,60.037288,0,0.0,0,0.0,0,0.0,85196800
sample_34.h5,sar,"(1280, 1280, 9, 1)",uint8,0.0,255.0,61.15319,47.150878,0,0.0,8633,0.06,0,0.0,14745600
sample_34.h5,srtm,"(1280, 1280, 1, 1)",int16,186.0,491.0,279.381539,69.654653,0,0.0,0,0.0,0,0.0,1638400
sample_34.h5,timestamps,"(15, 3)",int32,0.0,2026.0,676.933333,953.37192,0,0.0,2,4.44,0,0.0,45
sample_34.h5,worldcereal,"(1280, 1280, 1, 8)",uint8,0.0,100.0,2.007713,14.026419,0,0.0,12844045,97.99,0,0.0,13107200
sample_34.h5,worldcover,"(1280, 1280, 1, 1)",int8,10.0,80.0,18.629138,14.654414,0,0.0,0,0.0,0,0.0,1638400
sample_38.h5,landcover_1m,"(1280, 1280, 1, 1)",uint8,0.0,9.0,2.10272,0.692828,0,0.0,132,0.01,0,0.0,1638400
sample_38.h5,landcover_30m,"(1280, 1280, 1, 1)",uint8,1.0,2.0,1.984466,0.123664,0,0.0,0,0.0,0,0.0,1638400
sample_38.h5,latlon,"(2,)",float32,29.142611,118.136635,73.639623,44.497012,0,0.0,0,0.0,0,0.0,2
sample_38.h5,lt1,"(1280, 1280, 15, 1)",uint8,1.0,255.0,58.056775,50.891096,0,0.0,0,0.0,0,0.0,24576000
sample_38.h5,missing_timesteps_masks/lt1,"(15,)",bool,1.0,1.0,1.0,0.0,0,0.0,0,0.0,0,0.0,15
sample_38.h5,missing_timesteps_masks/rgb,"(15,)",bool,0.0,1.0,0.733333,0.442217,0,0.0,4,26.67,0,0.0,15
sample_38.h5,missing_timesteps_masks/sar,"(15,)",bool,0.0,1.0,0.8,0.4,0,0.0,3,20.0,0,0.0,15
sample_38.h5,rgb,"(1280, 1280, 11, 4)",uint8,5.0,255.0,68.872223,58.092567,0,0.0,0,0.0,0,0.0,72089600
sample_38.h5,sar,"(1280, 1280, 12, 1)",uint8,1.0,255.0,65.192375,54.590595,0,0.0,0,0.0,0,0.0,19660800
sample_38.h5,srtm,"(1280, 1280, 1, 1)",int16,213.0,604.0,387.632737,95.755276,0,0.0,0,0.0,0,0.0,1638400
sample_38.h5,timestamps,"(15, 3)",int32,0.0,2026.0,676.933333,953.37192,0,0.0,2,4.44,0,0.0,45
sample_38.h5,worldcereal,"(1280, 1280, 1, 8)",uint8,0.0,100.0,0.081856,2.859874,0,0.0,13096471,99.92,0,0.0,13107200
sample_38.h5,worldcover,"(1280, 1280, 1, 1)",int8,10.0,50.0,10.439441,3.722311,0,0.0,0,0.0,0,0.0,1638400
sample_47.h5,landcover_1m,"(1280, 1280, 1, 1)",uint8,0.0,9.0,3.000283,1.867066,0,0.0,345,0.02,0,0.0,1638400
sample_47.h5,landcover_30m,"(1280, 1280, 1, 1)",uint8,1.0,8.0,1.88613,1.255084,0,0.0,0,0.0,0,0.0,1638400
sample_47.h5,latlon,"(2,)",float32,29.04998,118.161911,73.605946,44.555965,0,0.0,0,0.0,0,0.0,2
sample_47.h5,lt1,"(1280, 1280, 15, 1)",uint8,1.0,255.0,56.604025,45.389341,0,0.0,0,0.0,0,0.0,24576000
sample_47.h5,missing_timesteps_masks/lt1,"(15,)",bool,1.0,1.0,1.0,0.0,0,0.0,0,0.0,0,0.0,15
sample_47.h5,missing_timesteps_masks/rgb,"(15,)",bool,0.0,1.0,0.866667,0.339935,0,0.0,2,13.33,0,0.0,15
sample_47.h5,missing_timesteps_masks/sar,"(15,)",bool,0.0,1.0,0.4,0.489898,0,0.0,9,60.0,0,0.0,15
sample_47.h5,rgb,"(1280, 1280, 13, 4)",uint8,2.0,255.0,84.062878,67.962524,0,0.0,0,0.0,0,0.0,85196800
sample_47.h5,sar,"(1280, 1280, 6, 1)",uint8,1.0,255.0,61.48013,46.988821,0,0.0,0,0.0,0,0.0,9830400
sample_47.h5,srtm,"(1280, 1280, 1, 1)",int16,160.0,558.0,265.473939,88.937683,0,0.0,0,0.0,0,0.0,1638400
sample_47.h5,timestamps,"(15, 3)",int32,0.0,2026.0,676.933333,953.37192,0,0.0,2,4.44,0,0.0,45
sample_47.h5,worldcereal,"(1280, 1280, 1, 8)",uint8,0.0,100.0,3.00576,17.074584,0,0.0,12713229,96.99,0,0.0,13107200
sample_47.h5,worldcover,"(1280, 1280, 1, 1)",int8,10.0,80.0,19.492322,14.70966,0,0.0,0,0.0,0,0.0,1638400
=== 全文件汇总 ===,landcover_1m,-,-,-,-,-,-,0,0.0,2858116,3.49,0,0.0,81920000
=== 全文件汇总 ===,landcover_30m,-,-,-,-,-,-,0,0.0,4291747,5.24,0,0.0,81920000
=== 全文件汇总 ===,latlon,-,-,-,-,-,-,0,0.0,0,0.0,0,0.0,100
=== 全文件汇总 ===,lt1,-,-,-,-,-,-,0,0.0,0,0.0,0,0.0,1218969600
=== 全文件汇总 ===,missing_timesteps_masks/lt1,-,-,-,-,-,-,0,0.0,6,0.8,0,0.0,750
=== 全文件汇总 ===,missing_timesteps_masks/rgb,-,-,-,-,-,-,0,0.0,139,18.53,0,0.0,750
=== 全文件汇总 ===,missing_timesteps_masks/sar,-,-,-,-,-,-,0,0.0,225,30.0,0,0.0,750
=== 全文件汇总 ===,rgb,-,-,-,-,-,-,0,0.0,5732388,0.14,0,0.0,4004249600
=== 全文件汇总 ===,sar,-,-,-,-,-,-,0,0.0,1104321,0.13,0,0.0,860160000
=== 全文件汇总 ===,srtm,-,-,-,-,-,-,0,0.0,0,0.0,0,0.0,81920000
=== 全文件汇总 ===,timestamps,-,-,-,-,-,-,0,0.0,100,4.44,0,0.0,2250
=== 全文件汇总 ===,worldcereal,-,-,-,-,-,-,0,0.0,653127481,99.66,0,0.0,655360000
=== 全文件汇总 ===,worldcover,-,-,-,-,-,-,0,0.0,4278817,5.22,0,0.0,81920000
