filepath,file_size_mb,modalities_present,num_timesteps,lat,lon
/mnt/ht2_nas2/00-model/zhejiang_10_test/sample_0.h5,18.98,sentinel2_l2a|rgb|srtm|lt1|worldcover|landcover_30m|landsat|worldcereal|landcover_1m|sentinel1|sar,15,29.189667,118.031837
/mnt/ht2_nas2/00-model/zhejiang_10_test/sample_1.h5,18.78,sentinel2_l2a|rgb|srtm|lt1|worldcover|landcover_30m|landsat|worldcereal|landcover_1m|sentinel1|sar,15,29.189667,118.031837
/mnt/ht2_nas2/00-model/zhejiang_10_test/sample_10.h5,20.21,sentinel2_l2a|rgb|srtm|lt1|worldcover|landcover_30m|landsat|worldcereal|landcover_1m|sentinel1|sar,15,29.120155,118.057457
/mnt/ht2_nas2/00-model/zhejiang_10_test/sample_100.h5,18.49,sentinel2_l2a|rgb|srtm|lt1|worldcover|landcover_30m|landsat|worldcereal|landcover_1m|sentinel1|sar,15,29.142832,118.110321
/mnt/ht2_nas2/00-model/zhejiang_10_test/sample_101.h5,18.72,sentinel2_l2a|rgb|srtm|lt1|worldcover|landcover_30m|landsat|worldcereal|landcover_1m|sentinel1|sar,15,29.142832,118.110321
/mnt/ht2_nas2/00-model/zhejiang_10_test/sample_102.h5,18.50,sentinel2_l2a|rgb|srtm|lt1|worldcover|landcover_30m|landsat|worldcereal|landcover_1m|sentinel1|sar,15,29.142832,118.110321
/mnt/ht2_nas2/00-model/zhejiang_10_test/sample_103.h5,18.82,sentinel2_l2a|rgb|srtm|lt1|worldcover|landcover_30m|landsat|worldcereal|landcover_1m|sentinel1|sar,15,29.142832,118.110321
/mnt/ht2_nas2/00-model/zhejiang_10_test/sample_104.h5,20.84,sentinel2_l2a|rgb|srtm|lt1|worldcover|landcover_30m|landsat|worldcereal|landcover_1m|sentinel1|sar,15,29.165934,118.110573
/mnt/ht2_nas2/00-model/zhejiang_10_test/sample_105.h5,21.46,sentinel2_l2a|rgb|srtm|lt1|worldcover|landcover_30m|landsat|worldcereal|landcover_1m|sentinel1|sar,15,29.165934,118.110573
/mnt/ht2_nas2/00-model/zhejiang_10_test/sample_106.h5,21.15,sentinel2_l2a|rgb|srtm|lt1|worldcover|landcover_30m|landsat|worldcereal|landcover_1m|sentinel1|sar,15,29.165934,118.110573
/mnt/ht2_nas2/00-model/zhejiang_10_test/sample_107.h5,21.25,sentinel2_l2a|rgb|srtm|lt1|worldcover|landcover_30m|landsat|worldcereal|landcover_1m|sentinel1|sar,15,29.165934,118.110573
/mnt/ht2_nas2/00-model/zhejiang_10_test/sample_108.h5,21.12,sentinel2_l2a|rgb|srtm|lt1|worldcover|landcover_30m|landsat|worldcereal|landcover_1m|sentinel1|sar,15,29.189035,118.110825
/mnt/ht2_nas2/00-model/zhejiang_10_test/sample_109.h5,21.54,sentinel2_l2a|rgb|srtm|lt1|worldcover|landcover_30m|landsat|worldcereal|landcover_1m|sentinel1|sar,15,29.189035,118.110825
/mnt/ht2_nas2/00-model/zhejiang_10_test/sample_11.h5,20.14,sentinel2_l2a|rgb|srtm|lt1|worldcover|landcover_30m|landsat|worldcereal|landcover_1m|sentinel1|sar,15,29.120155,118.057457
/mnt/ht2_nas2/00-model/zhejiang_10_test/sample_110.h5,21.42,sentinel2_l2a|rgb|srtm|lt1|worldcover|landcover_30m|landsat|worldcereal|landcover_1m|sentinel1|sar,15,29.189035,118.110825
/mnt/ht2_nas2/00-model/zhejiang_10_test/sample_111.h5,21.66,sentinel2_l2a|rgb|srtm|lt1|worldcover|landcover_30m|landsat|worldcereal|landcover_1m|sentinel1|sar,15,29.189035,118.110825
/mnt/ht2_nas2/00-model/zhejiang_10_test/sample_112.h5,21.38,sentinel2_l2a|rgb|srtm|lt1|worldcover|landcover_30m|landsat|worldcereal|landcover_1m|sentinel1|sar,15,29.212137,118.111069
/mnt/ht2_nas2/00-model/zhejiang_10_test/sample_113.h5,21.01,sentinel2_l2a|rgb|srtm|lt1|worldcover|landcover_30m|landsat|worldcereal|landcover_1m|sentinel1|sar,15,29.212137,118.111069
/mnt/ht2_nas2/00-model/zhejiang_10_test/sample_114.h5,21.17,sentinel2_l2a|rgb|srtm|lt1|worldcover|landcover_30m|landsat|worldcereal|landcover_1m|sentinel1|sar,15,29.212137,118.111069
/mnt/ht2_nas2/00-model/zhejiang_10_test/sample_115.h5,21.25,sentinel2_l2a|rgb|srtm|lt1|worldcover|landcover_30m|landsat|worldcereal|landcover_1m|sentinel1|sar,15,29.212137,118.111069
/mnt/ht2_nas2/00-model/zhejiang_10_test/sample_116.h5,20.73,sentinel2_l2a|rgb|srtm|lt1|worldcover|landcover_30m|landsat|worldcereal|landcover_1m|sentinel1|sar,15,29.235237,118.111320
/mnt/ht2_nas2/00-model/zhejiang_10_test/sample_117.h5,20.65,sentinel2_l2a|rgb|srtm|lt1|worldcover|landcover_30m|landsat|worldcereal|landcover_1m|sentinel1|sar,15,29.235237,118.111320
/mnt/ht2_nas2/00-model/zhejiang_10_test/sample_118.h5,21.02,sentinel2_l2a|rgb|srtm|lt1|worldcover|landcover_30m|landsat|worldcereal|landcover_1m|sentinel1|sar,15,29.235237,118.111320
/mnt/ht2_nas2/00-model/zhejiang_10_test/sample_119.h5,20.95,sentinel2_l2a|rgb|srtm|lt1|worldcover|landcover_30m|landsat|worldcereal|landcover_1m|sentinel1|sar,15,29.235237,118.111320
/mnt/ht2_nas2/00-model/zhejiang_10_test/sample_12.h5,21.96,sentinel2_l2a|rgb|srtm|lt1|worldcover|landcover_30m|landsat|worldcereal|landcover_1m|sentinel1|sar,15,29.143257,118.057693
/mnt/ht2_nas2/00-model/zhejiang_10_test/sample_120.h5,19.30,sentinel2_l2a|rgb|srtm|lt1|worldcover|landcover_30m|landsat|worldcereal|landcover_1m|sentinel1|sar,15,29.258339,118.111572
/mnt/ht2_nas2/00-model/zhejiang_10_test/sample_121.h5,18.92,sentinel2_l2a|rgb|srtm|lt1|worldcover|landcover_30m|landsat|worldcereal|landcover_1m|sentinel1|sar,15,29.258339,118.111572
/mnt/ht2_nas2/00-model/zhejiang_10_test/sample_122.h5,19.03,sentinel2_l2a|rgb|srtm|lt1|worldcover|landcover_30m|landsat|worldcereal|landcover_1m|sentinel1|sar,15,29.258339,118.111572
/mnt/ht2_nas2/00-model/zhejiang_10_test/sample_123.h5,18.71,sentinel2_l2a|rgb|srtm|lt1|worldcover|landcover_30m|landsat|worldcereal|landcover_1m|sentinel1|sar,15,29.258339,118.111572
/mnt/ht2_nas2/00-model/zhejiang_10_test/sample_124.h5,20.78,sentinel2_l2a|rgb|srtm|lt1|worldcover|landcover_30m|landsat|worldcereal|landcover_1m|sentinel1|sar,15,29.281441,118.111816
/mnt/ht2_nas2/00-model/zhejiang_10_test/sample_125.h5,21.13,sentinel2_l2a|rgb|srtm|lt1|worldcover|landcover_30m|landsat|worldcereal|landcover_1m|sentinel1|sar,15,29.281441,118.111816
/mnt/ht2_nas2/00-model/zhejiang_10_test/sample_126.h5,21.16,sentinel2_l2a|rgb|srtm|lt1|worldcover|landcover_30m|landsat|worldcereal|landcover_1m|sentinel1|sar,15,29.281441,118.111816
/mnt/ht2_nas2/00-model/zhejiang_10_test/sample_127.h5,20.91,sentinel2_l2a|rgb|srtm|lt1|worldcover|landcover_30m|landsat|worldcereal|landcover_1m|sentinel1|sar,15,29.281441,118.111816
/mnt/ht2_nas2/00-model/zhejiang_10_test/sample_128.h5,20.74,sentinel2_l2a|rgb|srtm|lt1|worldcover|landcover_30m|landsat|worldcereal|landcover_1m|sentinel1|sar,15,29.004002,118.135117
/mnt/ht2_nas2/00-model/zhejiang_10_test/sample_129.h5,20.30,sentinel2_l2a|rgb|srtm|lt1|worldcover|landcover_30m|landsat|worldcereal|landcover_1m|sentinel1|sar,15,29.004002,118.135117
/mnt/ht2_nas2/00-model/zhejiang_10_test/sample_13.h5,21.84,sentinel2_l2a|rgb|srtm|lt1|worldcover|landcover_30m|landsat|worldcereal|landcover_1m|sentinel1|sar,15,29.143257,118.057693
/mnt/ht2_nas2/00-model/zhejiang_10_test/sample_130.h5,20.07,sentinel2_l2a|rgb|srtm|lt1|worldcover|landcover_30m|landsat|worldcereal|landcover_1m|sentinel1|sar,15,29.004002,118.135117
/mnt/ht2_nas2/00-model/zhejiang_10_test/sample_131.h5,20.42,sentinel2_l2a|rgb|srtm|lt1|worldcover|landcover_30m|landsat|worldcereal|landcover_1m|sentinel1|sar,15,29.004002,118.135117
/mnt/ht2_nas2/00-model/zhejiang_10_test/sample_132.h5,19.61,sentinel2_l2a|rgb|srtm|lt1|worldcover|landcover_30m|landsat|worldcereal|landcover_1m|sentinel1|sar,15,29.027103,118.135368
/mnt/ht2_nas2/00-model/zhejiang_10_test/sample_133.h5,19.84,sentinel2_l2a|rgb|srtm|lt1|worldcover|landcover_30m|landsat|worldcereal|landcover_1m|sentinel1|sar,15,29.027103,118.135368
/mnt/ht2_nas2/00-model/zhejiang_10_test/sample_134.h5,19.60,sentinel2_l2a|rgb|srtm|lt1|worldcover|landcover_30m|landsat|worldcereal|landcover_1m|sentinel1|sar,15,29.027103,118.135368
/mnt/ht2_nas2/00-model/zhejiang_10_test/sample_135.h5,19.24,sentinel2_l2a|rgb|srtm|lt1|worldcover|landcover_30m|landsat|worldcereal|landcover_1m|sentinel1|sar,15,29.027103,118.135368
/mnt/ht2_nas2/00-model/zhejiang_10_test/sample_136.h5,21.92,sentinel2_l2a|rgb|srtm|lt1|worldcover|landcover_30m|landsat|worldcereal|landcover_1m|sentinel1|sar,15,29.050205,118.135620
/mnt/ht2_nas2/00-model/zhejiang_10_test/sample_137.h5,22.21,sentinel2_l2a|rgb|srtm|lt1|worldcover|landcover_30m|landsat|worldcereal|landcover_1m|sentinel1|sar,15,29.050205,118.135620
/mnt/ht2_nas2/00-model/zhejiang_10_test/sample_138.h5,21.35,sentinel2_l2a|rgb|srtm|lt1|worldcover|landcover_30m|landsat|worldcereal|landcover_1m|sentinel1|sar,15,29.050205,118.135620
/mnt/ht2_nas2/00-model/zhejiang_10_test/sample_139.h5,21.16,sentinel2_l2a|rgb|srtm|lt1|worldcover|landcover_30m|landsat|worldcereal|landcover_1m|sentinel1|sar,15,29.050205,118.135620
/mnt/ht2_nas2/00-model/zhejiang_10_test/sample_14.h5,22.48,sentinel2_l2a|rgb|srtm|lt1|worldcover|landcover_30m|landsat|worldcereal|landcover_1m|sentinel1|sar,15,29.143257,118.057693
/mnt/ht2_nas2/00-model/zhejiang_10_test/sample_140.h5,21.28,sentinel2_l2a|rgb|srtm|lt1|worldcover|landcover_30m|landsat|worldcereal|landcover_1m|sentinel1|sar,15,29.073307,118.135880
/mnt/ht2_nas2/00-model/zhejiang_10_test/sample_141.h5,20.87,sentinel2_l2a|rgb|srtm|lt1|worldcover|landcover_30m|landsat|worldcereal|landcover_1m|sentinel1|sar,15,29.073307,118.135880
/mnt/ht2_nas2/00-model/zhejiang_10_test/sample_142.h5,21.42,sentinel2_l2a|rgb|srtm|lt1|worldcover|landcover_30m|landsat|worldcereal|landcover_1m|sentinel1|sar,15,29.073307,118.135880
/mnt/ht2_nas2/00-model/zhejiang_10_test/sample_143.h5,21.91,sentinel2_l2a|rgb|srtm|lt1|worldcover|landcover_30m|landsat|worldcereal|landcover_1m|sentinel1|sar,15,29.073307,118.135880
/mnt/ht2_nas2/00-model/zhejiang_10_test/sample_144.h5,20.61,sentinel2_l2a|rgb|srtm|lt1|worldcover|landcover_30m|landsat|worldcereal|landcover_1m|sentinel1|sar,15,29.096409,118.136131
/mnt/ht2_nas2/00-model/zhejiang_10_test/sample_145.h5,20.56,sentinel2_l2a|rgb|srtm|lt1|worldcover|landcover_30m|landsat|worldcereal|landcover_1m|sentinel1|sar,15,29.096409,118.136131
/mnt/ht2_nas2/00-model/zhejiang_10_test/sample_146.h5,20.57,sentinel2_l2a|rgb|srtm|lt1|worldcover|landcover_30m|landsat|worldcereal|landcover_1m|sentinel1|sar,15,29.096409,118.136131
/mnt/ht2_nas2/00-model/zhejiang_10_test/sample_147.h5,20.05,sentinel2_l2a|rgb|srtm|lt1|worldcover|landcover_30m|landsat|worldcereal|landcover_1m|sentinel1|sar,15,29.096409,118.136131
/mnt/ht2_nas2/00-model/zhejiang_10_test/sample_148.h5,20.49,sentinel2_l2a|rgb|srtm|lt1|worldcover|landcover_30m|landsat|worldcereal|landcover_1m|sentinel1|sar,15,29.119511,118.136383
/mnt/ht2_nas2/00-model/zhejiang_10_test/sample_149.h5,20.07,sentinel2_l2a|rgb|srtm|lt1|worldcover|landcover_30m|landsat|worldcereal|landcover_1m|sentinel1|sar,15,29.119511,118.136383
/mnt/ht2_nas2/00-model/zhejiang_10_test/sample_15.h5,22.40,sentinel2_l2a|rgb|srtm|lt1|worldcover|landcover_30m|landsat|worldcereal|landcover_1m|sentinel1|sar,15,29.143257,118.057693
/mnt/ht2_nas2/00-model/zhejiang_10_test/sample_150.h5,20.49,sentinel2_l2a|rgb|srtm|lt1|worldcover|landcover_30m|landsat|worldcereal|landcover_1m|sentinel1|sar,15,29.119511,118.136383
/mnt/ht2_nas2/00-model/zhejiang_10_test/sample_151.h5,20.42,sentinel2_l2a|rgb|srtm|lt1|worldcover|landcover_30m|landsat|worldcereal|landcover_1m|sentinel1|sar,15,29.119511,118.136383
/mnt/ht2_nas2/00-model/zhejiang_10_test/sample_152.h5,18.40,sentinel2_l2a|rgb|srtm|lt1|worldcover|landcover_30m|landsat|worldcereal|landcover_1m|sentinel1|sar,15,29.142611,118.136635
/mnt/ht2_nas2/00-model/zhejiang_10_test/sample_153.h5,18.74,sentinel2_l2a|rgb|srtm|lt1|worldcover|landcover_30m|landsat|worldcereal|landcover_1m|sentinel1|sar,15,29.142611,118.136635
/mnt/ht2_nas2/00-model/zhejiang_10_test/sample_154.h5,18.36,sentinel2_l2a|rgb|srtm|lt1|worldcover|landcover_30m|landsat|worldcereal|landcover_1m|sentinel1|sar,15,29.142611,118.136635
/mnt/ht2_nas2/00-model/zhejiang_10_test/sample_155.h5,18.06,sentinel2_l2a|rgb|srtm|lt1|worldcover|landcover_30m|landsat|worldcereal|landcover_1m|sentinel1|sar,15,29.142611,118.136635
/mnt/ht2_nas2/00-model/zhejiang_10_test/sample_156.h5,20.46,sentinel2_l2a|rgb|srtm|lt1|worldcover|landcover_30m|landsat|worldcereal|landcover_1m|sentinel1|sar,15,29.165712,118.136894
/mnt/ht2_nas2/00-model/zhejiang_10_test/sample_157.h5,20.85,sentinel2_l2a|rgb|srtm|lt1|worldcover|landcover_30m|landsat|worldcereal|landcover_1m|sentinel1|sar,15,29.165712,118.136894
/mnt/ht2_nas2/00-model/zhejiang_10_test/sample_158.h5,20.42,sentinel2_l2a|rgb|srtm|lt1|worldcover|landcover_30m|landsat|worldcereal|landcover_1m|sentinel1|sar,15,29.165712,118.136894
/mnt/ht2_nas2/00-model/zhejiang_10_test/sample_159.h5,20.96,sentinel2_l2a|rgb|srtm|lt1|worldcover|landcover_30m|landsat|worldcereal|landcover_1m|sentinel1|sar,15,29.165712,118.136894
/mnt/ht2_nas2/00-model/zhejiang_10_test/sample_16.h5,22.30,sentinel2_l2a|rgb|srtm|lt1|worldcover|landcover_30m|landsat|worldcereal|landcover_1m|sentinel1|sar,15,29.166359,118.057930
/mnt/ht2_nas2/00-model/zhejiang_10_test/sample_160.h5,20.52,sentinel2_l2a|rgb|srtm|lt1|worldcover|landcover_30m|landsat|worldcereal|landcover_1m|sentinel1|sar,15,29.188814,118.137146
/mnt/ht2_nas2/00-model/zhejiang_10_test/sample_161.h5,20.62,sentinel2_l2a|rgb|srtm|lt1|worldcover|landcover_30m|landsat|worldcereal|landcover_1m|sentinel1|sar,15,29.188814,118.137146
/mnt/ht2_nas2/00-model/zhejiang_10_test/sample_162.h5,20.08,sentinel2_l2a|rgb|srtm|lt1|worldcover|landcover_30m|landsat|worldcereal|landcover_1m|sentinel1|sar,15,29.188814,118.137146
/mnt/ht2_nas2/00-model/zhejiang_10_test/sample_163.h5,20.32,sentinel2_l2a|rgb|srtm|lt1|worldcover|landcover_30m|landsat|worldcereal|landcover_1m|sentinel1|sar,15,29.188814,118.137146
/mnt/ht2_nas2/00-model/zhejiang_10_test/sample_164.h5,20.15,sentinel2_l2a|rgb|srtm|lt1|worldcover|landcover_30m|landsat|worldcereal|landcover_1m|sentinel1|sar,15,29.211916,118.137405
/mnt/ht2_nas2/00-model/zhejiang_10_test/sample_165.h5,20.52,sentinel2_l2a|rgb|srtm|lt1|worldcover|landcover_30m|landsat|worldcereal|landcover_1m|sentinel1|sar,15,29.211916,118.137405
/mnt/ht2_nas2/00-model/zhejiang_10_test/sample_166.h5,20.41,sentinel2_l2a|rgb|srtm|lt1|worldcover|landcover_30m|landsat|worldcereal|landcover_1m|sentinel1|sar,15,29.211916,118.137405
/mnt/ht2_nas2/00-model/zhejiang_10_test/sample_167.h5,20.56,sentinel2_l2a|rgb|srtm|lt1|worldcover|landcover_30m|landsat|worldcereal|landcover_1m|sentinel1|sar,15,29.211916,118.137405
/mnt/ht2_nas2/00-model/zhejiang_10_test/sample_168.h5,19.74,sentinel2_l2a|rgb|srtm|lt1|worldcover|landcover_30m|landsat|worldcereal|landcover_1m|sentinel1|sar,15,29.235016,118.137657
/mnt/ht2_nas2/00-model/zhejiang_10_test/sample_169.h5,19.31,sentinel2_l2a|rgb|srtm|lt1|worldcover|landcover_30m|landsat|worldcereal|landcover_1m|sentinel1|sar,15,29.235016,118.137657
/mnt/ht2_nas2/00-model/zhejiang_10_test/sample_17.h5,22.13,sentinel2_l2a|rgb|srtm|lt1|worldcover|landcover_30m|landsat|worldcereal|landcover_1m|sentinel1|sar,15,29.166359,118.057930
/mnt/ht2_nas2/00-model/zhejiang_10_test/sample_170.h5,19.68,sentinel2_l2a|rgb|srtm|lt1|worldcover|landcover_30m|landsat|worldcereal|landcover_1m|sentinel1|sar,15,29.235016,118.137657
/mnt/ht2_nas2/00-model/zhejiang_10_test/sample_171.h5,19.59,sentinel2_l2a|rgb|srtm|lt1|worldcover|landcover_30m|landsat|worldcereal|landcover_1m|sentinel1|sar,15,29.235016,118.137657
/mnt/ht2_nas2/00-model/zhejiang_10_test/sample_172.h5,17.46,sentinel2_l2a|rgb|srtm|lt1|worldcover|landcover_30m|landsat|worldcereal|landcover_1m|sentinel1|sar,15,29.258118,118.137917
/mnt/ht2_nas2/00-model/zhejiang_10_test/sample_173.h5,17.11,sentinel2_l2a|rgb|srtm|lt1|worldcover|landcover_30m|landsat|worldcereal|landcover_1m|sentinel1|sar,15,29.258118,118.137917
/mnt/ht2_nas2/00-model/zhejiang_10_test/sample_174.h5,17.82,sentinel2_l2a|rgb|srtm|lt1|worldcover|landcover_30m|landsat|worldcereal|landcover_1m|sentinel1|sar,15,29.258118,118.137917
/mnt/ht2_nas2/00-model/zhejiang_10_test/sample_175.h5,17.54,sentinel2_l2a|rgb|srtm|lt1|worldcover|landcover_30m|landsat|worldcereal|landcover_1m|sentinel1|sar,15,29.258118,118.137917
/mnt/ht2_nas2/00-model/zhejiang_10_test/sample_176.h5,18.92,sentinel2_l2a|rgb|srtm|lt1|worldcover|landcover_30m|landsat|worldcereal|landcover_1m|sentinel1|sar,15,29.281218,118.138168
/mnt/ht2_nas2/00-model/zhejiang_10_test/sample_177.h5,19.21,sentinel2_l2a|rgb|srtm|lt1|worldcover|landcover_30m|landsat|worldcereal|landcover_1m|sentinel1|sar,15,29.281218,118.138168
/mnt/ht2_nas2/00-model/zhejiang_10_test/sample_178.h5,18.68,sentinel2_l2a|rgb|srtm|lt1|worldcover|landcover_30m|landsat|worldcereal|landcover_1m|sentinel1|sar,15,29.281218,118.138168
/mnt/ht2_nas2/00-model/zhejiang_10_test/sample_179.h5,18.91,sentinel2_l2a|rgb|srtm|lt1|worldcover|landcover_30m|landsat|worldcereal|landcover_1m|sentinel1|sar,15,29.281218,118.138168
/mnt/ht2_nas2/00-model/zhejiang_10_test/sample_18.h5,22.27,sentinel2_l2a|rgb|srtm|lt1|worldcover|landcover_30m|landsat|worldcereal|landcover_1m|sentinel1|sar,15,29.166359,118.057930
/mnt/ht2_nas2/00-model/zhejiang_10_test/sample_180.h5,20.03,sentinel2_l2a|rgb|srtm|lt1|worldcover|landcover_30m|landsat|worldcereal|landcover_1m|sentinel1|sar,15,29.003777,118.161400
/mnt/ht2_nas2/00-model/zhejiang_10_test/sample_181.h5,19.97,sentinel2_l2a|rgb|srtm|lt1|worldcover|landcover_30m|landsat|worldcereal|landcover_1m|sentinel1|sar,15,29.003777,118.161400
/mnt/ht2_nas2/00-model/zhejiang_10_test/sample_182.h5,20.51,sentinel2_l2a|rgb|srtm|lt1|worldcover|landcover_30m|landsat|worldcereal|landcover_1m|sentinel1|sar,15,29.003777,118.161400
/mnt/ht2_nas2/00-model/zhejiang_10_test/sample_183.h5,21.28,sentinel2_l2a|rgb|srtm|lt1|worldcover|landcover_30m|landsat|worldcereal|landcover_1m|sentinel1|sar,15,29.003777,118.161400
/mnt/ht2_nas2/00-model/zhejiang_10_test/sample_184.h5,20.43,sentinel2_l2a|rgb|srtm|lt1|worldcover|landcover_30m|landsat|worldcereal|landcover_1m|sentinel1|sar,15,29.026878,118.161652
/mnt/ht2_nas2/00-model/zhejiang_10_test/sample_185.h5,20.87,sentinel2_l2a|rgb|srtm|lt1|worldcover|landcover_30m|landsat|worldcereal|landcover_1m|sentinel1|sar,15,29.026878,118.161652
/mnt/ht2_nas2/00-model/zhejiang_10_test/sample_186.h5,19.54,sentinel2_l2a|rgb|srtm|lt1|worldcover|landcover_30m|landsat|worldcereal|landcover_1m|sentinel1|sar,15,29.026878,118.161652
/mnt/ht2_nas2/00-model/zhejiang_10_test/sample_187.h5,20.06,sentinel2_l2a|rgb|srtm|lt1|worldcover|landcover_30m|landsat|worldcereal|landcover_1m|sentinel1|sar,15,29.026878,118.161652
/mnt/ht2_nas2/00-model/zhejiang_10_test/sample_188.h5,21.27,sentinel2_l2a|rgb|srtm|lt1|worldcover|landcover_30m|landsat|worldcereal|landcover_1m|sentinel1|sar,15,29.049980,118.161911
/mnt/ht2_nas2/00-model/zhejiang_10_test/sample_189.h5,20.47,sentinel2_l2a|rgb|srtm|lt1|worldcover|landcover_30m|landsat|worldcereal|landcover_1m|sentinel1|sar,15,29.049980,118.161911
/mnt/ht2_nas2/00-model/zhejiang_10_test/sample_19.h5,22.22,sentinel2_l2a|rgb|srtm|lt1|worldcover|landcover_30m|landsat|worldcereal|landcover_1m|sentinel1|sar,15,29.166359,118.057930
/mnt/ht2_nas2/00-model/zhejiang_10_test/sample_190.h5,20.31,sentinel2_l2a|rgb|srtm|lt1|worldcover|landcover_30m|landsat|worldcereal|landcover_1m|sentinel1|sar,15,29.049980,118.161911
/mnt/ht2_nas2/00-model/zhejiang_10_test/sample_191.h5,20.03,sentinel2_l2a|rgb|srtm|lt1|worldcover|landcover_30m|landsat|worldcereal|landcover_1m|sentinel1|sar,15,29.049980,118.161911
/mnt/ht2_nas2/00-model/zhejiang_10_test/sample_192.h5,19.81,sentinel2_l2a|rgb|srtm|lt1|worldcover|landcover_30m|landsat|worldcereal|landcover_1m|sentinel1|sar,15,29.073082,118.162170
/mnt/ht2_nas2/00-model/zhejiang_10_test/sample_193.h5,19.78,sentinel2_l2a|rgb|srtm|lt1|worldcover|landcover_30m|landsat|worldcereal|landcover_1m|sentinel1|sar,15,29.073082,118.162170
/mnt/ht2_nas2/00-model/zhejiang_10_test/sample_194.h5,21.55,sentinel2_l2a|rgb|srtm|lt1|worldcover|landcover_30m|landsat|worldcereal|landcover_1m|sentinel1|sar,15,29.073082,118.162170
/mnt/ht2_nas2/00-model/zhejiang_10_test/sample_195.h5,20.88,sentinel2_l2a|rgb|srtm|lt1|worldcover|landcover_30m|landsat|worldcereal|landcover_1m|sentinel1|sar,15,29.073082,118.162170
/mnt/ht2_nas2/00-model/zhejiang_10_test/sample_196.h5,20.13,sentinel2_l2a|rgb|srtm|lt1|worldcover|landcover_30m|landsat|worldcereal|landcover_1m|sentinel1|sar,15,29.096184,118.162430
/mnt/ht2_nas2/00-model/zhejiang_10_test/sample_197.h5,20.00,sentinel2_l2a|rgb|srtm|lt1|worldcover|landcover_30m|landsat|worldcereal|landcover_1m|sentinel1|sar,15,29.096184,118.162430
/mnt/ht2_nas2/00-model/zhejiang_10_test/sample_198.h5,19.99,sentinel2_l2a|rgb|srtm|lt1|worldcover|landcover_30m|landsat|worldcereal|landcover_1m|sentinel1|sar,15,29.096184,118.162430
/mnt/ht2_nas2/00-model/zhejiang_10_test/sample_199.h5,20.02,sentinel2_l2a|rgb|srtm|lt1|worldcover|landcover_30m|landsat|worldcereal|landcover_1m|sentinel1|sar,15,29.096184,118.162430
/mnt/ht2_nas2/00-model/zhejiang_10_test/sample_2.h5,18.30,sentinel2_l2a|rgb|srtm|lt1|worldcover|landcover_30m|landsat|worldcereal|landcover_1m|sentinel1|sar,15,29.189667,118.031837
/mnt/ht2_nas2/00-model/zhejiang_10_test/sample_20.h5,22.24,sentinel2_l2a|rgb|srtm|lt1|worldcover|landcover_30m|landsat|worldcereal|landcover_1m|sentinel1|sar,15,29.189461,118.058167
/mnt/ht2_nas2/00-model/zhejiang_10_test/sample_21.h5,22.26,sentinel2_l2a|rgb|srtm|lt1|worldcover|landcover_30m|landsat|worldcereal|landcover_1m|sentinel1|sar,15,29.189461,118.058167
/mnt/ht2_nas2/00-model/zhejiang_10_test/sample_22.h5,22.21,sentinel2_l2a|rgb|srtm|lt1|worldcover|landcover_30m|landsat|worldcereal|landcover_1m|sentinel1|sar,15,29.189461,118.058167
/mnt/ht2_nas2/00-model/zhejiang_10_test/sample_23.h5,21.92,sentinel2_l2a|rgb|srtm|lt1|worldcover|landcover_30m|landsat|worldcereal|landcover_1m|sentinel1|sar,15,29.189461,118.058167
/mnt/ht2_nas2/00-model/zhejiang_10_test/sample_24.h5,22.06,sentinel2_l2a|rgb|srtm|lt1|worldcover|landcover_30m|landsat|worldcereal|landcover_1m|sentinel1|sar,15,29.212563,118.058403
/mnt/ht2_nas2/00-model/zhejiang_10_test/sample_25.h5,21.96,sentinel2_l2a|rgb|srtm|lt1|worldcover|landcover_30m|landsat|worldcereal|landcover_1m|sentinel1|sar,15,29.212563,118.058403
/mnt/ht2_nas2/00-model/zhejiang_10_test/sample_26.h5,22.32,sentinel2_l2a|rgb|srtm|lt1|worldcover|landcover_30m|landsat|worldcereal|landcover_1m|sentinel1|sar,15,29.212563,118.058403
/mnt/ht2_nas2/00-model/zhejiang_10_test/sample_27.h5,22.20,sentinel2_l2a|rgb|srtm|lt1|worldcover|landcover_30m|landsat|worldcereal|landcover_1m|sentinel1|sar,15,29.212563,118.058403
/mnt/ht2_nas2/00-model/zhejiang_10_test/sample_28.h5,21.99,sentinel2_l2a|rgb|srtm|lt1|worldcover|landcover_30m|landsat|worldcereal|landcover_1m|sentinel1|sar,15,29.027536,118.082802
/mnt/ht2_nas2/00-model/zhejiang_10_test/sample_29.h5,21.14,sentinel2_l2a|rgb|srtm|lt1|worldcover|landcover_30m|landsat|worldcereal|landcover_1m|sentinel1|sar,15,29.027536,118.082802
/mnt/ht2_nas2/00-model/zhejiang_10_test/sample_3.h5,18.66,sentinel2_l2a|rgb|srtm|lt1|worldcover|landcover_30m|landsat|worldcereal|landcover_1m|sentinel1|sar,15,29.189667,118.031837
/mnt/ht2_nas2/00-model/zhejiang_10_test/sample_30.h5,21.98,sentinel2_l2a|rgb|srtm|lt1|worldcover|landcover_30m|landsat|worldcereal|landcover_1m|sentinel1|sar,15,29.027536,118.082802
/mnt/ht2_nas2/00-model/zhejiang_10_test/sample_31.h5,20.82,sentinel2_l2a|rgb|srtm|lt1|worldcover|landcover_30m|landsat|worldcereal|landcover_1m|sentinel1|sar,15,29.027536,118.082802
/mnt/ht2_nas2/00-model/zhejiang_10_test/sample_32.h5,21.83,sentinel2_l2a|rgb|srtm|lt1|worldcover|landcover_30m|landsat|worldcereal|landcover_1m|sentinel1|sar,15,29.050640,118.083038
/mnt/ht2_nas2/00-model/zhejiang_10_test/sample_33.h5,21.56,sentinel2_l2a|rgb|srtm|lt1|worldcover|landcover_30m|landsat|worldcereal|landcover_1m|sentinel1|sar,15,29.050640,118.083038
/mnt/ht2_nas2/00-model/zhejiang_10_test/sample_34.h5,21.86,sentinel2_l2a|rgb|srtm|lt1|worldcover|landcover_30m|landsat|worldcereal|landcover_1m|sentinel1|sar,15,29.050640,118.083038
/mnt/ht2_nas2/00-model/zhejiang_10_test/sample_35.h5,21.33,sentinel2_l2a|rgb|srtm|lt1|worldcover|landcover_30m|landsat|worldcereal|landcover_1m|sentinel1|sar,15,29.050640,118.083038
/mnt/ht2_nas2/00-model/zhejiang_10_test/sample_36.h5,22.04,sentinel2_l2a|rgb|srtm|lt1|worldcover|landcover_30m|landsat|worldcereal|landcover_1m|sentinel1|sar,15,29.073742,118.083282
/mnt/ht2_nas2/00-model/zhejiang_10_test/sample_37.h5,21.00,sentinel2_l2a|rgb|srtm|lt1|worldcover|landcover_30m|landsat|worldcereal|landcover_1m|sentinel1|sar,15,29.073742,118.083282
/mnt/ht2_nas2/00-model/zhejiang_10_test/sample_38.h5,21.35,sentinel2_l2a|rgb|srtm|lt1|worldcover|landcover_30m|landsat|worldcereal|landcover_1m|sentinel1|sar,15,29.073742,118.083282
/mnt/ht2_nas2/00-model/zhejiang_10_test/sample_39.h5,21.30,sentinel2_l2a|rgb|srtm|lt1|worldcover|landcover_30m|landsat|worldcereal|landcover_1m|sentinel1|sar,15,29.073742,118.083282
/mnt/ht2_nas2/00-model/zhejiang_10_test/sample_4.h5,22.61,sentinel2_l2a|rgb|srtm|lt1|worldcover|landcover_30m|landsat|worldcereal|landcover_1m|sentinel1|sar,15,29.097054,118.057220
/mnt/ht2_nas2/00-model/zhejiang_10_test/sample_40.h5,22.49,sentinel2_l2a|rgb|srtm|lt1|worldcover|landcover_30m|landsat|worldcereal|landcover_1m|sentinel1|sar,15,29.096844,118.083527
/mnt/ht2_nas2/00-model/zhejiang_10_test/sample_41.h5,22.83,sentinel2_l2a|rgb|srtm|lt1|worldcover|landcover_30m|landsat|worldcereal|landcover_1m|sentinel1|sar,15,29.096844,118.083527
/mnt/ht2_nas2/00-model/zhejiang_10_test/sample_42.h5,23.10,sentinel2_l2a|rgb|srtm|lt1|worldcover|landcover_30m|landsat|worldcereal|landcover_1m|sentinel1|sar,15,29.096844,118.083527
/mnt/ht2_nas2/00-model/zhejiang_10_test/sample_43.h5,22.14,sentinel2_l2a|rgb|srtm|lt1|worldcover|landcover_30m|landsat|worldcereal|landcover_1m|sentinel1|sar,15,29.096844,118.083527
/mnt/ht2_nas2/00-model/zhejiang_10_test/sample_44.h5,18.86,sentinel2_l2a|rgb|srtm|lt1|worldcover|landcover_30m|landsat|worldcereal|landcover_1m|sentinel1|sar,15,29.119946,118.083763
/mnt/ht2_nas2/00-model/zhejiang_10_test/sample_45.h5,18.37,sentinel2_l2a|rgb|srtm|lt1|worldcover|landcover_30m|landsat|worldcereal|landcover_1m|sentinel1|sar,15,29.119946,118.083763
/mnt/ht2_nas2/00-model/zhejiang_10_test/sample_46.h5,18.68,sentinel2_l2a|rgb|srtm|lt1|worldcover|landcover_30m|landsat|worldcereal|landcover_1m|sentinel1|sar,15,29.119946,118.083763
/mnt/ht2_nas2/00-model/zhejiang_10_test/sample_47.h5,18.61,sentinel2_l2a|rgb|srtm|lt1|worldcover|landcover_30m|landsat|worldcereal|landcover_1m|sentinel1|sar,15,29.119946,118.083763
/mnt/ht2_nas2/00-model/zhejiang_10_test/sample_48.h5,19.57,sentinel2_l2a|rgb|srtm|lt1|worldcover|landcover_30m|landsat|worldcereal|landcover_1m|sentinel1|sar,15,29.143047,118.084007
/mnt/ht2_nas2/00-model/zhejiang_10_test/sample_49.h5,19.58,sentinel2_l2a|rgb|srtm|lt1|worldcover|landcover_30m|landsat|worldcereal|landcover_1m|sentinel1|sar,15,29.143047,118.084007
/mnt/ht2_nas2/00-model/zhejiang_10_test/sample_5.h5,21.93,sentinel2_l2a|rgb|srtm|lt1|worldcover|landcover_30m|landsat|worldcereal|landcover_1m|sentinel1|sar,15,29.097054,118.057220
/mnt/ht2_nas2/00-model/zhejiang_10_test/sample_50.h5,20.16,sentinel2_l2a|rgb|srtm|lt1|worldcover|landcover_30m|landsat|worldcereal|landcover_1m|sentinel1|sar,15,29.143047,118.084007
/mnt/ht2_nas2/00-model/zhejiang_10_test/sample_51.h5,20.05,sentinel2_l2a|rgb|srtm|lt1|worldcover|landcover_30m|landsat|worldcereal|landcover_1m|sentinel1|sar,15,29.143047,118.084007
/mnt/ht2_nas2/00-model/zhejiang_10_test/sample_52.h5,21.84,sentinel2_l2a|rgb|srtm|lt1|worldcover|landcover_30m|landsat|worldcereal|landcover_1m|sentinel1|sar,15,29.166149,118.084251
/mnt/ht2_nas2/00-model/zhejiang_10_test/sample_53.h5,21.65,sentinel2_l2a|rgb|srtm|lt1|worldcover|landcover_30m|landsat|worldcereal|landcover_1m|sentinel1|sar,15,29.166149,118.084251
/mnt/ht2_nas2/00-model/zhejiang_10_test/sample_54.h5,22.14,sentinel2_l2a|rgb|srtm|lt1|worldcover|landcover_30m|landsat|worldcereal|landcover_1m|sentinel1|sar,15,29.166149,118.084251
/mnt/ht2_nas2/00-model/zhejiang_10_test/sample_55.h5,22.07,sentinel2_l2a|rgb|srtm|lt1|worldcover|landcover_30m|landsat|worldcereal|landcover_1m|sentinel1|sar,15,29.166149,118.084251
/mnt/ht2_nas2/00-model/zhejiang_10_test/sample_56.h5,22.34,sentinel2_l2a|rgb|srtm|lt1|worldcover|landcover_30m|landsat|worldcereal|landcover_1m|sentinel1|sar,15,29.189251,118.084496
/mnt/ht2_nas2/00-model/zhejiang_10_test/sample_57.h5,22.18,sentinel2_l2a|rgb|srtm|lt1|worldcover|landcover_30m|landsat|worldcereal|landcover_1m|sentinel1|sar,15,29.189251,118.084496
/mnt/ht2_nas2/00-model/zhejiang_10_test/sample_58.h5,22.61,sentinel2_l2a|rgb|srtm|lt1|worldcover|landcover_30m|landsat|worldcereal|landcover_1m|sentinel1|sar,15,29.189251,118.084496
/mnt/ht2_nas2/00-model/zhejiang_10_test/sample_59.h5,22.28,sentinel2_l2a|rgb|srtm|lt1|worldcover|landcover_30m|landsat|worldcereal|landcover_1m|sentinel1|sar,15,29.189251,118.084496
/mnt/ht2_nas2/00-model/zhejiang_10_test/sample_6.h5,22.23,sentinel2_l2a|rgb|srtm|lt1|worldcover|landcover_30m|landsat|worldcereal|landcover_1m|sentinel1|sar,15,29.097054,118.057220
/mnt/ht2_nas2/00-model/zhejiang_10_test/sample_60.h5,22.16,sentinel2_l2a|rgb|srtm|lt1|worldcover|landcover_30m|landsat|worldcereal|landcover_1m|sentinel1|sar,15,29.212353,118.084740
/mnt/ht2_nas2/00-model/zhejiang_10_test/sample_61.h5,22.10,sentinel2_l2a|rgb|srtm|lt1|worldcover|landcover_30m|landsat|worldcereal|landcover_1m|sentinel1|sar,15,29.212353,118.084740
/mnt/ht2_nas2/00-model/zhejiang_10_test/sample_62.h5,22.07,sentinel2_l2a|rgb|srtm|lt1|worldcover|landcover_30m|landsat|worldcereal|landcover_1m|sentinel1|sar,15,29.212353,118.084740
/mnt/ht2_nas2/00-model/zhejiang_10_test/sample_63.h5,22.20,sentinel2_l2a|rgb|srtm|lt1|worldcover|landcover_30m|landsat|worldcereal|landcover_1m|sentinel1|sar,15,29.212353,118.084740
/mnt/ht2_nas2/00-model/zhejiang_10_test/sample_64.h5,21.47,sentinel2_l2a|rgb|srtm|lt1|worldcover|landcover_30m|landsat|worldcereal|landcover_1m|sentinel1|sar,15,29.235455,118.084984
/mnt/ht2_nas2/00-model/zhejiang_10_test/sample_65.h5,21.68,sentinel2_l2a|rgb|srtm|lt1|worldcover|landcover_30m|landsat|worldcereal|landcover_1m|sentinel1|sar,15,29.235455,118.084984
/mnt/ht2_nas2/00-model/zhejiang_10_test/sample_66.h5,21.50,sentinel2_l2a|rgb|srtm|lt1|worldcover|landcover_30m|landsat|worldcereal|landcover_1m|sentinel1|sar,15,29.235455,118.084984
/mnt/ht2_nas2/00-model/zhejiang_10_test/sample_67.h5,21.78,sentinel2_l2a|rgb|srtm|lt1|worldcover|landcover_30m|landsat|worldcereal|landcover_1m|sentinel1|sar,15,29.235455,118.084984
/mnt/ht2_nas2/00-model/zhejiang_10_test/sample_68.h5,19.01,sentinel2_l2a|rgb|srtm|lt1|worldcover|landcover_30m|landsat|worldcereal|landcover_1m|sentinel1|sar,15,29.258556,118.085228
/mnt/ht2_nas2/00-model/zhejiang_10_test/sample_69.h5,19.53,sentinel2_l2a|rgb|srtm|lt1|worldcover|landcover_30m|landsat|worldcereal|landcover_1m|sentinel1|sar,15,29.258556,118.085228
/mnt/ht2_nas2/00-model/zhejiang_10_test/sample_7.h5,22.55,sentinel2_l2a|rgb|srtm|lt1|worldcover|landcover_30m|landsat|worldcereal|landcover_1m|sentinel1|sar,15,29.097054,118.057220
/mnt/ht2_nas2/00-model/zhejiang_10_test/sample_70.h5,18.46,sentinel2_l2a|rgb|srtm|lt1|worldcover|landcover_30m|landsat|worldcereal|landcover_1m|sentinel1|sar,15,29.258556,118.085228
/mnt/ht2_nas2/00-model/zhejiang_10_test/sample_71.h5,19.18,sentinel2_l2a|rgb|srtm|lt1|worldcover|landcover_30m|landsat|worldcereal|landcover_1m|sentinel1|sar,15,29.258556,118.085228
/mnt/ht2_nas2/00-model/zhejiang_10_test/sample_72.h5,21.05,sentinel2_l2a|rgb|srtm|lt1|worldcover|landcover_30m|landsat|worldcereal|landcover_1m|sentinel1|sar,15,29.281656,118.085472
/mnt/ht2_nas2/00-model/zhejiang_10_test/sample_73.h5,21.07,sentinel2_l2a|rgb|srtm|lt1|worldcover|landcover_30m|landsat|worldcereal|landcover_1m|sentinel1|sar,15,29.281656,118.085472
/mnt/ht2_nas2/00-model/zhejiang_10_test/sample_74.h5,20.75,sentinel2_l2a|rgb|srtm|lt1|worldcover|landcover_30m|landsat|worldcereal|landcover_1m|sentinel1|sar,15,29.281656,118.085472
/mnt/ht2_nas2/00-model/zhejiang_10_test/sample_75.h5,21.23,sentinel2_l2a|rgb|srtm|lt1|worldcover|landcover_30m|landsat|worldcereal|landcover_1m|sentinel1|sar,15,29.281656,118.085472
/mnt/ht2_nas2/00-model/zhejiang_10_test/sample_76.h5,20.63,sentinel2_l2a|rgb|srtm|lt1|worldcover|landcover_30m|landsat|worldcereal|landcover_1m|sentinel1|sar,15,29.004221,118.108841
/mnt/ht2_nas2/00-model/zhejiang_10_test/sample_77.h5,20.91,sentinel2_l2a|rgb|srtm|lt1|worldcover|landcover_30m|landsat|worldcereal|landcover_1m|sentinel1|sar,15,29.004221,118.108841
/mnt/ht2_nas2/00-model/zhejiang_10_test/sample_78.h5,21.06,sentinel2_l2a|rgb|srtm|lt1|worldcover|landcover_30m|landsat|worldcereal|landcover_1m|sentinel1|sar,15,29.004221,118.108841
/mnt/ht2_nas2/00-model/zhejiang_10_test/sample_79.h5,20.70,sentinel2_l2a|rgb|srtm|lt1|worldcover|landcover_30m|landsat|worldcereal|landcover_1m|sentinel1|sar,15,29.004221,118.108841
/mnt/ht2_nas2/00-model/zhejiang_10_test/sample_8.h5,20.33,sentinel2_l2a|rgb|srtm|lt1|worldcover|landcover_30m|landsat|worldcereal|landcover_1m|sentinel1|sar,15,29.120155,118.057457
/mnt/ht2_nas2/00-model/zhejiang_10_test/sample_80.h5,20.40,sentinel2_l2a|rgb|srtm|lt1|worldcover|landcover_30m|landsat|worldcereal|landcover_1m|sentinel1|sar,15,29.027323,118.109085
/mnt/ht2_nas2/00-model/zhejiang_10_test/sample_81.h5,19.74,sentinel2_l2a|rgb|srtm|lt1|worldcover|landcover_30m|landsat|worldcereal|landcover_1m|sentinel1|sar,15,29.027323,118.109085
/mnt/ht2_nas2/00-model/zhejiang_10_test/sample_82.h5,20.24,sentinel2_l2a|rgb|srtm|lt1|worldcover|landcover_30m|landsat|worldcereal|landcover_1m|sentinel1|sar,15,29.027323,118.109085
/mnt/ht2_nas2/00-model/zhejiang_10_test/sample_83.h5,20.29,sentinel2_l2a|rgb|srtm|lt1|worldcover|landcover_30m|landsat|worldcereal|landcover_1m|sentinel1|sar,15,29.027323,118.109085
/mnt/ht2_nas2/00-model/zhejiang_10_test/sample_84.h5,21.26,sentinel2_l2a|rgb|srtm|lt1|worldcover|landcover_30m|landsat|worldcereal|landcover_1m|sentinel1|sar,15,29.050425,118.109329
/mnt/ht2_nas2/00-model/zhejiang_10_test/sample_85.h5,21.90,sentinel2_l2a|rgb|srtm|lt1|worldcover|landcover_30m|landsat|worldcereal|landcover_1m|sentinel1|sar,15,29.050425,118.109329
/mnt/ht2_nas2/00-model/zhejiang_10_test/sample_86.h5,21.64,sentinel2_l2a|rgb|srtm|lt1|worldcover|landcover_30m|landsat|worldcereal|landcover_1m|sentinel1|sar,15,29.050425,118.109329
/mnt/ht2_nas2/00-model/zhejiang_10_test/sample_87.h5,21.74,sentinel2_l2a|rgb|srtm|lt1|worldcover|landcover_30m|landsat|worldcereal|landcover_1m|sentinel1|sar,15,29.050425,118.109329
/mnt/ht2_nas2/00-model/zhejiang_10_test/sample_88.h5,20.93,sentinel2_l2a|rgb|srtm|lt1|worldcover|landcover_30m|landsat|worldcereal|landcover_1m|sentinel1|sar,15,29.073526,118.109581
/mnt/ht2_nas2/00-model/zhejiang_10_test/sample_89.h5,21.14,sentinel2_l2a|rgb|srtm|lt1|worldcover|landcover_30m|landsat|worldcereal|landcover_1m|sentinel1|sar,15,29.073526,118.109581
/mnt/ht2_nas2/00-model/zhejiang_10_test/sample_9.h5,20.06,sentinel2_l2a|rgb|srtm|lt1|worldcover|landcover_30m|landsat|worldcereal|landcover_1m|sentinel1|sar,15,29.120155,118.057457
/mnt/ht2_nas2/00-model/zhejiang_10_test/sample_90.h5,21.43,sentinel2_l2a|rgb|srtm|lt1|worldcover|landcover_30m|landsat|worldcereal|landcover_1m|sentinel1|sar,15,29.073526,118.109581
/mnt/ht2_nas2/00-model/zhejiang_10_test/sample_91.h5,21.21,sentinel2_l2a|rgb|srtm|lt1|worldcover|landcover_30m|landsat|worldcereal|landcover_1m|sentinel1|sar,15,29.073526,118.109581
/mnt/ht2_nas2/00-model/zhejiang_10_test/sample_92.h5,20.70,sentinel2_l2a|rgb|srtm|lt1|worldcover|landcover_30m|landsat|worldcereal|landcover_1m|sentinel1|sar,15,29.096628,118.109825
/mnt/ht2_nas2/00-model/zhejiang_10_test/sample_93.h5,20.61,sentinel2_l2a|rgb|srtm|lt1|worldcover|landcover_30m|landsat|worldcereal|landcover_1m|sentinel1|sar,15,29.096628,118.109825
/mnt/ht2_nas2/00-model/zhejiang_10_test/sample_94.h5,20.52,sentinel2_l2a|rgb|srtm|lt1|worldcover|landcover_30m|landsat|worldcereal|landcover_1m|sentinel1|sar,15,29.096628,118.109825
/mnt/ht2_nas2/00-model/zhejiang_10_test/sample_95.h5,20.38,sentinel2_l2a|rgb|srtm|lt1|worldcover|landcover_30m|landsat|worldcereal|landcover_1m|sentinel1|sar,15,29.096628,118.109825
/mnt/ht2_nas2/00-model/zhejiang_10_test/sample_96.h5,20.53,sentinel2_l2a|rgb|srtm|lt1|worldcover|landcover_30m|landsat|worldcereal|landcover_1m|sentinel1|sar,15,29.119730,118.110077
/mnt/ht2_nas2/00-model/zhejiang_10_test/sample_97.h5,20.61,sentinel2_l2a|rgb|srtm|lt1|worldcover|landcover_30m|landsat|worldcereal|landcover_1m|sentinel1|sar,15,29.119730,118.110077
/mnt/ht2_nas2/00-model/zhejiang_10_test/sample_98.h5,20.53,sentinel2_l2a|rgb|srtm|lt1|worldcover|landcover_30m|landsat|worldcereal|landcover_1m|sentinel1|sar,15,29.119730,118.110077
/mnt/ht2_nas2/00-model/zhejiang_10_test/sample_99.h5,20.42,sentinel2_l2a|rgb|srtm|lt1|worldcover|landcover_30m|landsat|worldcereal|landcover_1m|sentinel1|sar,15,29.119730,118.110077
